,time,text,support,against,post_id,year,month,keyword
0,2019年8月14日 07:19:54,"['816 撳錢！撳錢！撳錢！', '', '', '', '', '']",0,0,1471827,2019,8,打壓
1,2019年8月14日 06:26:26,"['Ending speech：', 'https://www.youtube.com/watch?v=l8PsRfU2-V8', '', '我感覺到右眼傳嚟嘅痛楚，煙霧、槍聲、流血⋯ 恐懼。無情嘅鎮壓再次推進。我忍住痛嘗試企起身，睇住速龍走嚟捉住我，我已經心中有數，往後嘅人生都將會改寫。', '', '唔理你準備好未，你所規劃嘅人生都會一瞬間走樣。生於亂世，總要面對呢種事。呢個唔係我想要嘅人生，但我責無旁貸。', '', '香港，我哋嘅屋企。撕裂過後，又再團結一致。', '', '我以為⋯ 我有諗過同屋企人可以自欺欺人噉正常過生活。但依家我明白，我知道已經冇得返轉頭。我知道香港已經變咗，前面嘅路會更加難行。', '', '今次，我已經準備好，因為我知道打壓⋯ 打壓從來冇停過。']",0,0,1471827,2019,8,打壓
2,2022年3月31日 10:36:31,"['收錢洗香港人腦', '大陸一堆腦殘仲洗咩腦']",0,0,2949344,2022,3,打壓
3,2022年3月31日 10:14:04,"['其實為何的藍營人士的Youtube給人打壓都不改用Bilibili', 'eg 何志光聲稱話自己的片黃標']",0,0,2949344,2022,3,打壓
4,2017年8月11日 11:32:42,['紅磚一向都係壓落來 讀過就知校長好撚多野都唔知 係想搞大件事就call記者踩上校長度屌柒佢 唔係無人會幫你 紅磚d管理層係咁仆街'],265,2,355930,2017,8,打壓
5,2017年8月11日 11:30:49,['係到講有咩用，send去蘋果推上報好過啦'],135,3,355930,2017,8,打壓
6,2017年8月11日 12:30:32,"['Icon Bistro?', '你比錢搵律師同你報案啦，警察態度180度會轉變', '100% 要咁做', '要記住，Poly同警方一定會叫你和解，千其唔好表示有任何意思想和解。', '因為之後你想再投訴，就會以你已作和解為由決絕。', 'Btw, 同Poly同警方有任何接觸都要作記錄，可以用埋錄音都唔怕。冇記錯香港係可以係唔使通知對方下錄音。', '', 'Btw，夢見電視劇D主角會錄到唔少對方誤導，引導，甚至恐嚇既說話，然後會放上court播', '', '如果你依單野係美國發生，首先學校賠錢，鬼婆，其他同事要賠錢，洲政府要代警方賠錢，而且有哂醫療記錄，最少係千萬港紙起跳，大把律師幫你搞。不過香港就另一回事啦。']",107,0,355930,2017,8,打壓
7,2017年8月11日 21:00:05,"['理工大學酒店本身就好出名出人才，你甘樣打一打，好影響間學校', '', '見到呢件事，我好想出聲', '', '我系呢個學系嘅畢業生，都明有邊個吾想睇新聞食花生，但有腦嘅大家都要調轉諗一諗。。', '', '1.酒店甘多靚女佢吾搞，搞你媽媽？你媽媽一定好靚，呢個我吾知', '', '2.間餐廳甘多人，如果你媽媽真系俾經理搞，D洗碗同事無理由吾做證人，有邊個想成為下一個？PS.據我所知，除左廚房外，樓面都好多同事，個個都系有文化嘅人，如果件事系真，我相信個經理都無面系度再做', '', '3.其實我讀緊嘅時候，你媽媽都出名懶，相比起樓上自助餐嘅洗碗，樓下洗碗本身好輕鬆，好少野洗，但我地上堂Training個陣，就講是非多過洗碗，俾碟or工具佢洗就，就西口西面，好似得罪左佢甘。。。我諗有上過F&B嘅同學都經歷過。。。***好多同學都睇吾過眼', '', '4.其實學校好多人都知，封所謂嘅道歉信，吾系道歉搞你啊媽，系道歉不必要嘅誤會', 'Upload 封信睇下，就一目了然', '', '5.最後，如果我系你媽媽，而又真系俾人搞，我吾會繼續做，但會繼續報。如果我系佢個女，我都吾會繼續俾媽媽做，港大學生應該有能力養媽媽掛？', '', '如果你話你媽媽慘，其實個經理好似仲慘', '', '其實所謂嘅公道 公義 ，吾系打一篇一面倒嘅文章，用網民食花生嘅角度去評論，希望我打完，其他人會諗多小小，我吾想美好啲大學環境，掛上呢個負面嘅評價', '既然你當花生咁食就等我話你聽', '1.唔該積下口德啦你，如果係你阿媽俾人搞你聽到呢啲comment會有咩感受？', '2.邊個話你聽佢非禮人嘅時候其他人有睇到？之前有cctv影到都俾垃圾學院洗曬啦。佢而家就係繼續係到做，你假設有文化嘅人就唔會犯罪係咩邏輯？', '3.都冇開過名你點知係邊位阿姐？咁快講定負面野？？我阿媽出名勤力唔出聲唔講是非，佢同啲同學關係唔錯，你唔好係到老屈啦，一係你就搞錯阿姐，一係你就學院打手。', '4.你知唔知佢寫左幾多次封信呀？就算佢封道歉信想玩食字，都有meetint錄音證明佢已經承認件事。所謂不必要嘅誤會只係為佢自己辯解，你又知幾多內情？正常學生無理由知道，你係咪男上司啲frd扮學生', '5.前面已經講左，發生件事後已經調左佢俾鬼婆上司，冇再跟個男上司。唔係我媽媽做錯憑咩要佢辭職？你如果唔係我媽啲垃圾同事點會話我係港大學生？唔好扮學生啦仆街，我知你地班人架啦。', '', '你所謂嘅美好大學環境就係由不斷打壓下層掩蓋醜聞得來，有小小邏輯都知你根本就係學院入面啲人，我行得呢一步已經唔怕你地打壓，我一定會要你地全部為自己做過嘅野負責，不服來辯。']",57,3,355930,2017,8,打壓
8,2017年8月11日 11:45:26,['其實讀緊酒店管理嘅同學翻學係廚房會見到果堆恐嚇嘅人，大家要小心'],40,2,355930,2017,8,打壓
9,2017年8月11日 12:25:17,"['直接sd 上apple daily, 封道歉信都比埋佢，有時唔搞大件事，poly 果邊係唔會理，情況就似中學欺凌，學校緊係想大事化小，你只有搞大佢，學校先會比個答覆你']",37,0,355930,2017,8,打壓
10,2017年8月11日 20:47:17,"['理工大學酒店本身就好出名出人才，你甘樣打一打，好影響間學校', '', '見到呢件事，我好想出聲', '', '我系呢個學系嘅畢業生，都明有邊個吾想睇新聞食花生，但有腦嘅大家都要調轉諗一諗。。', '', '1.酒店甘多靚女佢吾搞，搞你媽媽？你媽媽一定好靚，呢個我吾知', '', '2.間餐廳甘多人，如果你媽媽真系俾經理搞，D洗碗同事無理由吾做證人，有邊個想成為下一個？PS.據我所知，除左廚房外，樓面都好多同事，個個都系有文化嘅人，如果件事系真，我相信個經理都無面系度再做', '', '3.其實我讀緊嘅時候，你媽媽都出名懶，相比起樓上自助餐嘅洗碗，樓下洗碗本身好輕鬆，好少野洗，但我地上堂Training個陣，就講是非多過洗碗，俾碟or工具佢洗就，就西口西面，好似得罪左佢甘。。。我諗有上過F&B嘅同學都經歷過。。。***好多同學都睇吾過眼', '', '4.其實學校好多人都知，封所謂嘅道歉信，吾系道歉搞你啊媽，系道歉不必要嘅誤會', 'Upload 封信睇下，就一目了然', '', '5.最後，如果我系你媽媽，而又真系俾人搞，我吾會繼續做，但會繼續報。如果我系佢個女，我都吾會繼續俾媽媽做，港大學生應該有能力養媽媽掛？', '', '如果你話你媽媽慘，其實個經理好似仲慘', '', '其實所謂嘅公道 公義 ，吾系打一篇一面倒嘅文章，用網民食花生嘅角度去評論，希望我打完，其他人會諗多小小，我吾想美好啲大學環境，掛上呢個負面嘅評價', '喂 語癌企開啲啦 屌你老母 仲話大學生 笑撚死人咩']",39,5,355930,2017,8,打壓
11,2017年8月11日 21:23:08,"['理工大學酒店本身就好出名出人才，你甘樣打一打，好影響間學校', '', '見到呢件事，我好想出聲', '', '我系呢個學系嘅畢業生，都明有邊個吾想睇新聞食花生，但有腦嘅大家都要調轉諗一諗。。', '', '1.酒店甘多靚女佢吾搞，搞你媽媽？你媽媽一定好靚，呢個我吾知', '', '2.間餐廳甘多人，如果你媽媽真系俾經理搞，D洗碗同事無理由吾做證人，有邊個想成為下一個？PS.據我所知，除左廚房外，樓面都好多同事，個個都系有文化嘅人，如果件事系真，我相信個經理都無面系度再做', '', '3.其實我讀緊嘅時候，你媽媽都出名懶，相比起樓上自助餐嘅洗碗，樓下洗碗本身好輕鬆，好少野洗，但我地上堂Training個陣，就講是非多過洗碗，俾碟or工具佢洗就，就西口西面，好似得罪左佢甘。。。我諗有上過F&B嘅同學都經歷過。。。***好多同學都睇吾過眼', '', '4.其實學校好多人都知，封所謂嘅道歉信，吾系道歉搞你啊媽，系道歉不必要嘅誤會', 'Upload 封信睇下，就一目了然', '', '5.最後，如果我系你媽媽，而又真系俾人搞，我吾會繼續做，但會繼續報。如果我系佢個女，我都吾會繼續俾媽媽做，港大學生應該有能力養媽媽掛？', '', '如果你話你媽媽慘，其實個經理好似仲慘', '', '其實所謂嘅公道 公義 ，吾系打一篇一面倒嘅文章，用網民食花生嘅角度去評論，希望我打完，其他人會諗多小小，我吾想美好啲大學環境，掛上呢個負面嘅評價', '', '1:你唔比條友對人妻情有獨鍾，鍾意搞人妻？', '樓主媽媽靚唔靚我唔知', '但陳冠希都食得落cammi啦，', '一定要搞靚女架？', '', '2:如果想搞人，你覺得會揚哂出去？', '你傻撚左咩', '揚左出去比人知道，只會整臭自己聲譽！', '咁緊係偷偷地私底下性騷擾架啦！', '咁d同事又點作證呀', '', '3:懶唔懶係你自己講', '就算懶...又如何？', '佢比人性騷擾係事實', '佢工傷係事實', '佢比人打壓都係事實', '係你角度，係咪一定要好認真工作既人先值得幫？', '咁好懶既人係咪即使比人強奸都係抵佢死呀？', '', '4:冇做錯又點會寫道歉信呀？', '你話道歉不必要嘅誤會', '咩誤會？', '我唔知條友點樣性騷擾樓主媽媽', '但係你眼中可能摸胸摸屁股', '傾咸濕野約開房都可以係「誤會」架', '事後講句飲多左酒，醉左', '做過既事都可以成為「誤會」', '', '5:我唔清楚樓主既家庭狀況，不便評論', '但樓主媽媽冇做錯，點解要quit?', '', '最後，可能好多人都話條友唔似會咁做既人', 'Oscar ma都食學生妹啦，唔通佢又似咁既人咩？']",14,0,355930,2017,8,打壓
12,2017年8月11日 15:35:16,"['', '咁都話打手，唔係掛，我邊隻字支持校方？', '', '我只係睇完個情節之後覺得奇怪，打份咁既牛工要搞到傷人恐嚇係咪傻撚左，既然咁鐘意圍爐自己討論又唔比人問既咪自己圍飽佢.', '', '唔再覆', '', '屌你老味，咪撚再覆呀on9仔，一睇你d留言就以為自己懶係神探咁撚樣款，你d語氣叫懷疑咩？乜撚野驚炒車呀？你咁撚樣語氣問人野？你係撚個呀？有爺生無老母教你呀？']",14,0,355930,2017,8,打壓
13,2017年8月11日 11:40:54,"['推!', '有無試過寫上民主牆, 雖然無咩用, 但起碼多個機會俾更多人知']",16,2,355930,2017,8,打壓
14,2017年8月11日 20:50:46,"['理工大學酒店本身就好出名出人才，你甘樣打一打，好影響間學校', '', '見到呢件事，我好想出聲', '', '我系呢個學系嘅畢業生，都明有邊個吾想睇新聞食花生，但有腦嘅大家都要調轉諗一諗。。', '', '1.酒店甘多靚女佢吾搞，搞你媽媽？你媽媽一定好靚，呢個我吾知', '', '2.間餐廳甘多人，如果你媽媽真系俾經理搞，D洗碗同事無理由吾做證人，有邊個想成為下一個？PS.據我所知，除左廚房外，樓面都好多同事，個個都系有文化嘅人，如果件事系真，我相信個經理都無面系度再做', '', '3.其實我讀緊嘅時候，你媽媽都出名懶，相比起樓上自助餐嘅洗碗，樓下洗碗本身好輕鬆，好少野洗，但我地上堂Training個陣，就講是非多過洗碗，俾碟or工具佢洗就，就西口西面，好似得罪左佢甘。。。我諗有上過F&B嘅同學都經歷過。。。***好多同學都睇吾過眼', '', '4.其實學校好多人都知，封所謂嘅道歉信，吾系道歉搞你啊媽，系道歉不必要嘅誤會', 'Upload 封信睇下，就一目了然', '', '5.最後，如果我系你媽媽，而又真系俾人搞，我吾會繼續做，但會繼續報。如果我系佢個女，我都吾會繼續俾媽媽做，港大學生應該有能力養媽媽掛？', '', '如果你話你媽媽慘，其實個經理好似仲慘', '', '其實所謂嘅公道 公義 ，吾系打一篇一面倒嘅文章，用網民食花生嘅角度去評論，希望我打完，其他人會諗多小小，我吾想美好啲大學環境，掛上呢個負面嘅評價', '', '你係咪對錯號入座', '邊撚到講過港大生', '知咁多嘢即係識入面d人幫手講嘢la 仲要1999', '打手味濃']",14,1,355930,2017,8,打壓
15,2017年8月11日 13:12:30,"['岩岩先升上全球第一 大學 hotel management', '咁快整獲咁既野落黎']",13,1,355930,2017,8,打壓
16,2017年8月11日 20:54:53,"['理工大學酒店本身就好出名出人才，你甘樣打一打，好影響間學校', '', '見到呢件事，我好想出聲', '', '我系呢個學系嘅畢業生，都明有邊個吾想睇新聞食花生，但有腦嘅大家都要調轉諗一諗。。', '', '1.酒店甘多靚女佢吾搞，搞你媽媽？你媽媽一定好靚，呢個我吾知', '', '2.間餐廳甘多人，如果你媽媽真系俾經理搞，D洗碗同事無理由吾做證人，有邊個想成為下一個？PS.據我所知，除左廚房外，樓面都好多同事，個個都系有文化嘅人，如果件事系真，我相信個經理都無面系度再做', '', '3.其實我讀緊嘅時候，你媽媽都出名懶，相比起樓上自助餐嘅洗碗，樓下洗碗本身好輕鬆，好少野洗，但我地上堂Training個陣，就講是非多過洗碗，俾碟or工具佢洗就，就西口西面，好似得罪左佢甘。。。我諗有上過F&B嘅同學都經歷過。。。***好多同學都睇吾過眼', '', '4.其實學校好多人都知，封所謂嘅道歉信，吾系道歉搞你啊媽，系道歉不必要嘅誤會', 'Upload 封信睇下，就一目了然', '', '5.最後，如果我系你媽媽，而又真系俾人搞，我吾會繼續做，但會繼續報。如果我系佢個女，我都吾會繼續俾媽媽做，港大學生應該有能力養媽媽掛？', '', '如果你話你媽媽慘，其實個經理好似仲慘', '', '其實所謂嘅公道 公義 ，吾系打一篇一面倒嘅文章，用網民食花生嘅角度去評論，希望我打完，其他人會諗多小小，我吾想美好啲大學環境，掛上呢個負面嘅評價', '甘你老母', '仲自己係shtm學生 字都唔撚識打 死番去讀小學啦 咪撚影衰其他係shtm 畢業既', '你d 濕鳩理由講出黎都笑撚死人', '巴打漏咗：', '吾你老母', '系你老母', '', '不過漏都正常', '咁多5p字', '無人想睇落去']",11,0,355930,2017,8,打壓
17,2017年8月12日 02:21:20,"['理工大學酒店本身就好出名出人才，你甘樣打一打，好影響間學校', '', '見到呢件事，我好想出聲', '', '我系呢個學系嘅畢業生，都明有邊個吾想睇新聞食花生，但有腦嘅大家都要調轉諗一諗。。', '', '1.酒店甘多靚女佢吾搞，搞你媽媽？你媽媽一定好靚，呢個我吾知', '', '2.間餐廳甘多人，如果你媽媽真系俾經理搞，D洗碗同事無理由吾做證人，有邊個想成為下一個？PS.據我所知，除左廚房外，樓面都好多同事，個個都系有文化嘅人，如果件事系真，我相信個經理都無面系度再做', '', '3.其實我讀緊嘅時候，你媽媽都出名懶，相比起樓上自助餐嘅洗碗，樓下洗碗本身好輕鬆，好少野洗，但我地上堂Training個陣，就講是非多過洗碗，俾碟or工具佢洗就，就西口西面，好似得罪左佢甘。。。我諗有上過F&B嘅同學都經歷過。。。***好多同學都睇吾過眼', '', '4.其實學校好多人都知，封所謂嘅道歉信，吾系道歉搞你啊媽，系道歉不必要嘅誤會', 'Upload 封信睇下，就一目了然', '', '5.最後，如果我系你媽媽，而又真系俾人搞，我吾會繼續做，但會繼續報。如果我系佢個女，我都吾會繼續俾媽媽做，港大學生應該有能力養媽媽掛？', '', '如果你話你媽媽慘，其實個經理好似仲慘', '', '其實所謂嘅公道 公義 ，吾系打一篇一面倒嘅文章，用網民食花生嘅角度去評論，希望我打完，其他人會諗多小小，我吾想美好啲大學環境，掛上呢個負面嘅評價', '吾你老母咩，咁你都好意思話自己大學畢業？我覺得你先係真正影衰poly']",10,0,355930,2017,8,打壓
18,2017年8月11日 12:38:32,"['Icon Bistro?', '你比錢搵律師同你報案啦，警察態度180度會轉變', '100% 要咁做', '要記住，Poly同警方一定會叫你和解，千其唔好表示有任何意思想和解。', '因為之後你想再投訴，就會以你已作和解為由決絕。', 'Btw, 同Poly同警方有任何接觸都要作記錄，可以用埋錄音都唔怕。冇記錯香港係可以係唔使通知對方下錄音。', '', 'Btw，夢見電視劇D主角會錄到唔少對方誤導，引導，甚至恐嚇既說話，然後會放上court播', '', '如果你依單野係美國發生，首先學校賠錢，鬼婆，其他同事要賠錢，洲政府要代警方賠錢，而且有哂醫療記錄，最少係千萬港紙起跳，大把律師幫你搞。不過香港就另一回事啦。', '', '唔記得一提，學校咁大CCTV，全部都係線索同證據，eg lift門口暈低，甚至廚房CCTV可能影到比人圍住，又或者坐電梯入過去老細office傾點處理件事，都可以增加事件既真實性。', '你媽咪有冇同醫生講過依件事，有既話醫生係重要證人，記得搵醫生問番，同埋要記錄呀。', '', '成日夢見電視劇D證人會比人嚇幾嚇，上court既口供完全變哂，所以第一手時間攞料最重要呀。另外都夢見CCTV會成日壞，冇哂野。但要攞cctv就要靠警方。', '', '所以呢，最好都係依間搵定律師資料，聽朝拿拿臨去搵佢地。']",12,2,355930,2017,8,打壓
19,2017年8月11日 20:56:55,"['理工大學酒店本身就好出名出人才，你甘樣打一打，好影響間學校', '', '見到呢件事，我好想出聲', '', '我系呢個學系嘅畢業生，都明有邊個吾想睇新聞食花生，但有腦嘅大家都要調轉諗一諗。。', '', '1.酒店甘多靚女佢吾搞，搞你媽媽？你媽媽一定好靚，呢個我吾知', '', '2.間餐廳甘多人，如果你媽媽真系俾經理搞，D洗碗同事無理由吾做證人，有邊個想成為下一個？PS.據我所知，除左廚房外，樓面都好多同事，個個都系有文化嘅人，如果件事系真，我相信個經理都無面系度再做', '', '3.其實我讀緊嘅時候，你媽媽都出名懶，相比起樓上自助餐嘅洗碗，樓下洗碗本身好輕鬆，好少野洗，但我地上堂Training個陣，就講是非多過洗碗，俾碟or工具佢洗就，就西口西面，好似得罪左佢甘。。。我諗有上過F&B嘅同學都經歷過。。。***好多同學都睇吾過眼', '', '4.其實學校好多人都知，封所謂嘅道歉信，吾系道歉搞你啊媽，系道歉不必要嘅誤會', 'Upload 封信睇下，就一目了然', '', '5.最後，如果我系你媽媽，而又真系俾人搞，我吾會繼續做，但會繼續報。如果我系佢個女，我都吾會繼續俾媽媽做，港大學生應該有能力養媽媽掛？', '', '如果你話你媽媽慘，其實個經理好似仲慘', '', '其實所謂嘅公道 公義 ，吾系打一篇一面倒嘅文章，用網民食花生嘅角度去評論，希望我打完，其他人會諗多小小，我吾想美好啲大學環境，掛上呢個負面嘅評價', '喂 語癌企開啲啦 屌你老母 仲話大學生 笑撚死人咩', '淨系識講粗口，就吾系語癌？？', '開新ac', '你係咪搞人呀媽個個呀']",9,0,355930,2017,8,打壓
20,2017年8月11日 13:24:50,"['顯示更多', '', '請問我可以加咩料？拎阿媽黎講笑？', '點知，不過你的版本好難以置信。問清楚d費事撞車。', '', '同埋個女上司掟傷你啊媽果時點解唔報警？', '唔知不如唔好亂講個人都掟暈掟傷左點報警呀？當時冇人幫佢call白車，而係帶佢去學校醫務所，個醫生話要去醫院先搭的士去。啲的士錢仲要阻撓唔俾佢claim翻', '唔好曬時間理啲戇鳩仔', '條友都唔知係咪紅磚請返嚟嘅打手']",10,1,355930,2017,8,打壓
21,2017年8月11日 21:36:21,['呢d就唔搞大佢，d咩獸醫笑下毒撚就推左幾個post'],9,1,355930,2017,8,打壓
22,2017年8月11日 21:02:04,"['理工大學酒店本身就好出名出人才，你甘樣打一打，好影響間學校', '', '見到呢件事，我好想出聲', '', '我系呢個學系嘅畢業生，都明有邊個吾想睇新聞食花生，但有腦嘅大家都要調轉諗一諗。。', '', '1.酒店甘多靚女佢吾搞，搞你媽媽？你媽媽一定好靚，呢個我吾知', '', '2.間餐廳甘多人，如果你媽媽真系俾經理搞，D洗碗同事無理由吾做證人，有邊個想成為下一個？PS.據我所知，除左廚房外，樓面都好多同事，個個都系有文化嘅人，如果件事系真，我相信個經理都無面系度再做', '', '3.其實我讀緊嘅時候，你媽媽都出名懶，相比起樓上自助餐嘅洗碗，樓下洗碗本身好輕鬆，好少野洗，但我地上堂Training個陣，就講是非多過洗碗，俾碟or工具佢洗就，就西口西面，好似得罪左佢甘。。。我諗有上過F&B嘅同學都經歷過。。。***好多同學都睇吾過眼', '', '4.其實學校好多人都知，封所謂嘅道歉信，吾系道歉搞你啊媽，系道歉不必要嘅誤會', 'Upload 封信睇下，就一目了然', '', '5.最後，如果我系你媽媽，而又真系俾人搞，我吾會繼續做，但會繼續報。如果我系佢個女，我都吾會繼續俾媽媽做，港大學生應該有能力養媽媽掛？', '', '如果你話你媽媽慘，其實個經理好似仲慘', '', '其實所謂嘅公道 公義 ，吾系打一篇一面倒嘅文章，用網民食花生嘅角度去評論，希望我打完，其他人會諗多小小，我吾想美好啲大學環境，掛上呢個負面嘅評價', '', '我覺得你講既野同樓主講既野無衝突wor', '完全反駁唔到d咩', '', '係咩', '你fg 幾多？個撚個港大生一畢業就夠錢養老母？', '之後都係嗰句，一定要靚女先會俾人非禮係咩邏輯？']",9,1,355930,2017,8,打壓
23,2017年8月11日 20:53:35,"['理工大學酒店本身就好出名出人才，你甘樣打一打，好影響間學校', '', '見到呢件事，我好想出聲', '', '我系呢個學系嘅畢業生，都明有邊個吾想睇新聞食花生，但有腦嘅大家都要調轉諗一諗。。', '', '1.酒店甘多靚女佢吾搞，搞你媽媽？你媽媽一定好靚，呢個我吾知', '', '2.間餐廳甘多人，如果你媽媽真系俾經理搞，D洗碗同事無理由吾做證人，有邊個想成為下一個？PS.據我所知，除左廚房外，樓面都好多同事，個個都系有文化嘅人，如果件事系真，我相信個經理都無面系度再做', '', '3.其實我讀緊嘅時候，你媽媽都出名懶，相比起樓上自助餐嘅洗碗，樓下洗碗本身好輕鬆，好少野洗，但我地上堂Training個陣，就講是非多過洗碗，俾碟or工具佢洗就，就西口西面，好似得罪左佢甘。。。我諗有上過F&B嘅同學都經歷過。。。***好多同學都睇吾過眼', '', '4.其實學校好多人都知，封所謂嘅道歉信，吾系道歉搞你啊媽，系道歉不必要嘅誤會', 'Upload 封信睇下，就一目了然', '', '5.最後，如果我系你媽媽，而又真系俾人搞，我吾會繼續做，但會繼續報。如果我系佢個女，我都吾會繼續俾媽媽做，港大學生應該有能力養媽媽掛？', '', '如果你話你媽媽慘，其實個經理好似仲慘', '', '其實所謂嘅公道 公義 ，吾系打一篇一面倒嘅文章，用網民食花生嘅角度去評論，希望我打完，其他人會諗多小小，我吾想美好啲大學環境，掛上呢個負面嘅評價', '嘩，啲5p字多到睇唔明']",8,0,355930,2017,8,打壓
24,2017年8月11日 20:49:23,"['理工大學酒店本身就好出名出人才，你甘樣打一打，好影響間學校', '', '見到呢件事，我好想出聲', '', '我系呢個學系嘅畢業生，都明有邊個吾想睇新聞食花生，但有腦嘅大家都要調轉諗一諗。。', '', '1.酒店甘多靚女佢吾搞，搞你媽媽？你媽媽一定好靚，呢個我吾知', '', '2.間餐廳甘多人，如果你媽媽真系俾經理搞，D洗碗同事無理由吾做證人，有邊個想成為下一個？PS.據我所知，除左廚房外，樓面都好多同事，個個都系有文化嘅人，如果件事系真，我相信個經理都無面系度再做', '', '3.其實我讀緊嘅時候，你媽媽都出名懶，相比起樓上自助餐嘅洗碗，樓下洗碗本身好輕鬆，好少野洗，但我地上堂Training個陣，就講是非多過洗碗，俾碟or工具佢洗就，就西口西面，好似得罪左佢甘。。。我諗有上過F&B嘅同學都經歷過。。。***好多同學都睇吾過眼', '', '4.其實學校好多人都知，封所謂嘅道歉信，吾系道歉搞你啊媽，系道歉不必要嘅誤會', 'Upload 封信睇下，就一目了然', '', '5.最後，如果我系你媽媽，而又真系俾人搞，我吾會繼續做，但會繼續報。如果我系佢個女，我都吾會繼續俾媽媽做，港大學生應該有能力養媽媽掛？', '', '如果你話你媽媽慘，其實個經理好似仲慘', '', '其實所謂嘅公道 公義 ，吾系打一篇一面倒嘅文章，用網民食花生嘅角度去評論，希望我打完，其他人會諗多小小，我吾想美好啲大學環境，掛上呢個負面嘅評價', '甘你老母', '仲自己係shtm學生 字都唔撚識打 死番去讀小學啦 咪撚影衰其他係shtm 畢業既', '你d 濕鳩理由講出黎都笑撚死人']",10,2,355930,2017,8,打壓
25,2017年8月12日 00:17:36,"['理工大學酒店本身就好出名出人才，你甘樣打一打，好影響間學校', '', '見到呢件事，我好想出聲', '', '我系呢個學系嘅畢業生，都明有邊個吾想睇新聞食花生，但有腦嘅大家都要調轉諗一諗。。', '', '1.酒店甘多靚女佢吾搞，搞你媽媽？你媽媽一定好靚，呢個我吾知', '', '2.間餐廳甘多人，如果你媽媽真系俾經理搞，D洗碗同事無理由吾做證人，有邊個想成為下一個？PS.據我所知，除左廚房外，樓面都好多同事，個個都系有文化嘅人，如果件事系真，我相信個經理都無面系度再做', '', '3.其實我讀緊嘅時候，你媽媽都出名懶，相比起樓上自助餐嘅洗碗，樓下洗碗本身好輕鬆，好少野洗，但我地上堂Training個陣，就講是非多過洗碗，俾碟or工具佢洗就，就西口西面，好似得罪左佢甘。。。我諗有上過F&B嘅同學都經歷過。。。***好多同學都睇吾過眼', '', '4.其實學校好多人都知，封所謂嘅道歉信，吾系道歉搞你啊媽，系道歉不必要嘅誤會', 'Upload 封信睇下，就一目了然', '', '5.最後，如果我系你媽媽，而又真系俾人搞，我吾會繼續做，但會繼續報。如果我系佢個女，我都吾會繼續俾媽媽做，港大學生應該有能力養媽媽掛？', '', '如果你話你媽媽慘，其實個經理好似仲慘', '', '其實所謂嘅公道 公義 ，吾系打一篇一面倒嘅文章，用網民食花生嘅角度去評論，希望我打完，其他人會諗多小小，我吾想美好啲大學環境，掛上呢個負面嘅評價', '我屌你老母', '咁撚多5p字', '仆你個臭街']",7,0,355930,2017,8,打壓
26,2017年8月11日 20:51:28,"['理工大學酒店本身就好出名出人才，你甘樣打一打，好影響間學校', '', '見到呢件事，我好想出聲', '', '我系呢個學系嘅畢業生，都明有邊個吾想睇新聞食花生，但有腦嘅大家都要調轉諗一諗。。', '', '1.酒店甘多靚女佢吾搞，搞你媽媽？你媽媽一定好靚，呢個我吾知', '', '2.間餐廳甘多人，如果你媽媽真系俾經理搞，D洗碗同事無理由吾做證人，有邊個想成為下一個？PS.據我所知，除左廚房外，樓面都好多同事，個個都系有文化嘅人，如果件事系真，我相信個經理都無面系度再做', '', '3.其實我讀緊嘅時候，你媽媽都出名懶，相比起樓上自助餐嘅洗碗，樓下洗碗本身好輕鬆，好少野洗，但我地上堂Training個陣，就講是非多過洗碗，俾碟or工具佢洗就，就西口西面，好似得罪左佢甘。。。我諗有上過F&B嘅同學都經歷過。。。***好多同學都睇吾過眼', '', '4.其實學校好多人都知，封所謂嘅道歉信，吾系道歉搞你啊媽，系道歉不必要嘅誤會', 'Upload 封信睇下，就一目了然', '', '5.最後，如果我系你媽媽，而又真系俾人搞，我吾會繼續做，但會繼續報。如果我系佢個女，我都吾會繼續俾媽媽做，港大學生應該有能力養媽媽掛？', '', '如果你話你媽媽慘，其實個經理好似仲慘', '', '其實所謂嘅公道 公義 ，吾系打一篇一面倒嘅文章，用網民食花生嘅角度去評論，希望我打完，其他人會諗多小小，我吾想美好啲大學環境，掛上呢個負面嘅評價', '', '我覺得你講既野同樓主講既野無衝突wor', '完全反駁唔到d咩']",7,0,355930,2017,8,打壓
27,2021年1月13日 09:51:51,"['', '', '真。用家問題', '此post已完', '259']",1,1,2365332,2021,1,打壓
28,2021年1月13日 09:49:52,"['可以自己較', '此post已完']",178,2,2365332,2021,1,打壓
29,2021年1月13日 09:53:04,"['可以自己較', '掟左個IPHONE佢算啦']",45,1,2365332,2021,1,打壓
30,2021年1月13日 10:02:36,"['cctoy弱智真多', '42']",4,3,2365332,2021,1,打壓
31,2021年1月13日 10:46:06,"['cctoy弱智真多', '乜柒都cctoy，你入時事台係咪又係弱智個班cctoy', '佢話弱智真多', '唔係話全部弱智', '你咁樣應你係屬於邊邊？', '19']",1,3,2365332,2021,1,打壓
32,2021年1月13日 10:29:14,"['cctoy弱智真多', 'CCToys 平均智商低於80']",10,1,2365332,2021,1,打壓
33,2021年1月13日 10:28:15,"['cctoy 果然無令我失望。', '從一而終 都係咁弱智。']",9,1,2365332,2021,1,打壓
34,2021年1月13日 11:00:42,"['cctoy弱智真多', '乜柒都cctoy，你入時事台係咪又係弱智個班cctoy', '佢話弱智真多', '唔係話全部弱智', '你咁樣應你係屬於邊邊？', '阿迷x cctoy', 'What do u expect', '8']",1,1,2365332,2021,1,打壓
35,2021年1月13日 10:00:38,"['Apple 奶共', '仲用iPhone？', '你係唔係pr?']",9,2,2365332,2021,1,打壓
36,2021年1月13日 09:57:43,['....'],6,0,2365332,2021,1,打壓
37,2021年1月13日 10:23:56,"['Apple deep state', 'CCToys又逼害妄想症發作呀', '4']",0,1,2365332,2021,1,打壓
38,2021年1月13日 12:23:02,['Iphone打壓智障'],3,0,2365332,2021,1,打壓
39,2021年1月13日 10:48:47,"['cctoy弱智真多', '乜柒都cctoy，你入時事台係咪又係弱智個班cctoy', '佢話弱智真多', '唔係話全部弱智', '你咁樣應你係屬於邊邊？', '秒']",4,1,2365332,2021,1,打壓
40,2021年1月13日 09:58:29,"['幫樓主拉啦', '4']",1,2,2365332,2021,1,打壓
41,2021年1月13日 11:46:56,"['', '', '真。用家問題', '此post已完', '', '', '仲可以set埋次序']",2,0,2365332,2021,1,打壓
42,2021年1月13日 10:15:13,"['念在OP有份𨳒白左同35+份上', '我斯文啲咁答OP：可以自己較嘅，自己研究下', '3']",1,1,2365332,2021,1,打壓
43,2021年1月13日 10:46:00,"['念在OP有份𨳒白左同35+份上', '我斯文啲咁答OP：可以自己較嘅，自己研究下', '睇返之前講嘅嘢正常過好多連登新移民', '一時柒左姐']",1,0,2365332,2021,1,打壓
44,2021年1月13日 10:35:41,"['智障兒童都上連登', '1']",0,1,2365332,2021,1,打壓
45,2021年1月13日 10:29:02,['戇鳩唔好用電話'],1,0,2365332,2021,1,打壓
46,2021年1月13日 10:24:23,['唔識英文就轉返中文易睇啲啦'],1,0,2365332,2021,1,打壓
47,2020年6月30日 04:53:50,"['畀人打壓 我地要點？', '班廢柴']",0,0,2086481,2020,6,打壓
48,2020年6月30日 04:50:56,"['屌你啦', '0']",0,1,2086481,2020,6,打壓
49,2020年6月30日 04:50:44,['頑強呀'],0,0,2086481,2020,6,打壓
50,2020年6月30日 04:44:32,"['https://lihkg.com/thread/2086300/page/1', '', '係時候到我地守護番正義女神']",0,0,2086481,2020,6,打壓
51,2020年6月30日 04:43:38,"['畀人打壓 我地要點？', '0']",0,1,2086481,2020,6,打壓
52,2019年7月4日 22:46:55,"['強国成日有礦難 有強徵土地 武力鎮壓', '你估大陸人唔知咩', '點解佢地幾十年黎都係咁過?', '大陸人會願意為私人財產同利益而抗爭', '會為自己比共產党捉左嘅仔女老公申冤', '但我覺得唔會肯為左民主自由而革命', '佢地經歷幾十年政治災難', '到依家先開始有安穩同算係富有嘅生活', '如果唔係有人搞到佢地連生活都有問題 邊有人會冒住生命危險同埋安穩生活出黎抗爭', '佢地係大陸住左幾十年 都深知共狗嘅可怕', '所以我覺得向大陸人宣傳嘅話 唔使做太用煽動嘅野 廢事有一種危言聳聽 扇風點火嘅感覺 反而更令人反感', '如實將我地做緊嘅野同原因宣傳過去就夠']",1,0,1286816,2019,7,打壓
53,2019年7月4日 22:32:34,"['五毛可以用武漢分化我地，我地都可以利用武漢將把火燒上大陸，但記住唔係幫武漢，77當日要集中係五大訴求先', '', '']",0,0,1286816,2019,7,打壓
54,2019年12月19日 21:49:49,"['手足,好難得有個黃色既旅行社', '唔好放棄呀']",192,2,1790432,2019,12,打壓
55,2019年12月19日 22:02:04,"['標題可能寫埋因為政治問題被打壓會好啲', '108']",1,4,1790432,2019,12,打壓
56,2019年12月19日 22:57:55,"['有次遊行見到你地帶著番鬼佬講解 班鬼佬仲係度take notes 加油 幫推', '42']",0,2,1790432,2019,12,打壓
57,2019年12月19日 22:27:33,"['我唔明WOR', 'AIRBNB係專比人搵住宿', '點解你個行街講解要比你上架?', '佢有一個新嘅服務叫Airbnb Experience. 係畀人做埋tour.']",43,1,1790432,2019,12,打壓
58,2019年12月19日 22:20:16,['搵個founder Facebook twitter 重快'],39,1,1790432,2019,12,打壓
59,2019年12月19日 23:05:49,"['表面上似唔想涉入政治 但更加似驚得失大陸客生意', '民宿一向好多大陸哩入住 亦有好多大陸人買完外地樓提供民宿供應', '27']",0,2,1790432,2019,12,打壓
60,2019年12月19日 21:59:58,['光復香港 時代革命'],26,2,1790432,2019,12,打壓
61,2019年12月19日 23:23:30,"['有次遊行見到你地帶著番鬼佬講解 班鬼佬仲係度take notes 加油 幫推', '香港旅遊書只會介紹女人街廟街呢啲假景點(仲要有旅發局推介)', '搞到班鬼佬以為香港淨係得老翻同街頭妓女']",23,0,1790432,2019,12,打壓
62,2019年12月19日 22:05:02,['有冇咩條款話唔可以介紹歷史？'],20,0,1790432,2019,12,打壓
63,2019年12月19日 23:19:36,"['我唔明WOR', 'AIRBNB係專比人搵住宿', '點解你個行街講解要比你上架?', '你太out', '依家佢做book房 訂飛 餐飲 講解/深度遊 呢4範', '17']",0,1,1790432,2019,12,打壓
64,2019年12月19日 22:21:46,['講歷史都唔得？大家幫手send email'],15,0,1790432,2019,12,打壓
65,2019年12月19日 22:35:03,"['', '', '第一張圖係九月嘅時候佢唔批我個團', '冇畀原因']",12,0,1790432,2019,12,打壓
66,2019年12月19日 22:01:27,['幫你推一推'],9,0,1790432,2019,12,打壓
67,2019年12月19日 23:33:51,"['標題可能寫埋因為政治問題被打壓會好啲', '已send email, 我覺得唔寫投訴政治打壓好啲', '佢可以覆airbnb platform唔容許政治宣傳balabala', '要針對個point係唔容許向visitor展示當地嘅文化同歷史，有違AirBnB作為深度文化交流平台嘅理念', '8']",0,2,1790432,2019,12,打壓
68,2019年12月19日 22:38:18,"['', '', '最後一張圖係我以管理人身份, 睇到個團係""被Airbnb刪除""']",8,0,1790432,2019,12,打壓
69,2019年12月19日 23:00:31,"['去外國都join過呢啲free tour', '但唔係喺airbnb搵', '喺airbnb未上番你地架嗰陣放去其他外國網']",7,0,1790432,2019,12,打壓
70,2019年12月19日 22:36:24,"['', '', '第二張圖係十月嘅時候, 我個團嘅名係叫“Learning Hong Kong with Local"". 最後佢批咗']",7,0,1790432,2019,12,打壓
71,2019年12月19日 22:37:23,"['', '', '第三張圖係佢message我, 下架原因係“錯誤地上咗架”']",6,0,1790432,2019,12,打壓
72,2019年12月20日 02:27:57,"['有次遊行見到你地帶著番鬼佬講解 班鬼佬仲係度take notes 加油 幫推', '我都係十月嗰時喺西九戲曲中心出面見到', '中學嗰時睇到你放棄精算師做導遊啟發咗我讀旅遊', '5']",0,1,1790432,2019,12,打壓
73,2019年12月19日 23:11:51,"['呢個係我哋Facebook page自己嘅message. 麻煩大家share！', '', 'https://m.facebook.com/story.php?story_fbid=913311659064616&id=212521775810278', '5']",0,2,1790432,2019,12,打壓
74,2019年12月19日 23:22:09,"['不如你參加下聽下我哋講, 之後再睇下係咪聽執笠. Thanks', '4']",0,1,1790432,2019,12,打壓
75,2019年12月19日 22:23:36,"['試吓翻譯英文post 上twitter 先？', '', '幫推', '4']",0,3,1790432,2019,12,打壓
76,2021年9月7日 09:41:32,['屌你有需要幫手方便睇下附近有冇警察唔得？'],0,0,2688328,2021,9,打壓
77,2021年9月4日 10:36:00,['唔知、睇唔到、扮唔記得、繼續用藍蘋果'],5,5,2688328,2021,9,打壓
78,2021年9月4日 07:33:17,"['蘋果公司將一款地圖程式下架\u3000稱違法及可用於伏擊警察', '', '蘋果公司表示，HKmap.live應用程式的使用已危害到執法人員和香港市民，違反了公司的準則和本地法律，已將其從App Store中刪除。蘋果公司回覆查詢時表示，香港很多用戶與他們聯繫後，公司立即開始調查該應用程式，發現該應用程式顯示警察的位置；公司與香港網絡安全及科技罪案調查科進行核實，該應用程式被用於定位和伏擊警察，威脅到公共安全，非法分子在沒有警察執法的地方使用它來傷害市民。', '', '2019-10-10 15:34:05']",9,16,2688328,2021,9,打壓
79,2020年5月3日 23:36:36,"['香港首條線上書店List上線喇！', 'https://lih.kg/2000672', '- 分享自 LIHKG 討論區']",0,0,2000600,2020,5,打壓
