"調查開始日期Survey Start Date","調查結束日期Survey End Date","樣本數目Sample size","次樣本數目Subsample size","回應比率Response rate","好信任Very trust","幾信任Quite trust","一半半Half-half","幾唔信任Quite distrust","好唔信任Very distrust","唔知/難講DK/HS","合計Total","信任Trust","不信任Distrust","淨值Net Value","平均量值Mean value","基數Base","樣本平均標準誤差Standard Error of Mean","備註Remark"
"2024-01-02","2024-01-11","669","335","50.4%","23.8%","27.9%","12.4%","7.9%","27.1%","0.9%","100.0%","51.7%","35.0%","16.7%","3.1","331","0.1","$"
"2023-11-01","2023-11-15","1,004","518","51.4%","23.3%","30.5%","10.8%","12.1%","20.6%","2.7%","100.0%","53.8%","32.7%","21.2%","3.2","504","0.1",""
"2023-08-01","2023-08-10","1,005","520","54.5%","16.5%","31.6%","13.4%","16.1%","21.7%","0.7%","100.0%","48.1%","37.8%","10.2%","3.1","516","0.1",""
"2023-05-03","2023-05-18","1,003","514","52.4%","23.2%","28.7%","13.6%","12.8%","19.6%","2.1%","100.0%","51.9%","32.4%","19.5%","3.2","503","0.1",""
"2023-02-01","2023-02-09","1,017","504","58.0%","21.0%","32.4%","15.2%","11.5%","17.5%","2.3%","100.0%","53.5%","29.0%","24.4%","3.3","474","0.1",""
"2022-11-02","2022-11-10","1,001","507","48.9%","19.1%","30.6%","14.6%","14.3%","19.8%","1.6%","100.0%","49.7%","34.1%","15.5%","3.2","498","0.1",""
"2022-07-04","2022-07-07","1,003","1,001","50.1%","21.2%","25.8%","18.2%","10.7%","20.4%","3.6%","100.0%","47.0%","31.1%","15.9%","3.2","965","0.1",""
"2022-06-20","2022-06-24","1,001","553","45.3%","13.6%","26.7%","20.9%","14.1%","20.9%","3.9%","100.0%","40.2%","35.0%","5.2%","3.0","531","0.1",""
"2022-05-12","2022-05-20","1,003","660","40.9%","11.8%","23.2%","16.7%","15.3%","31.0%","2.0%","100.0%","35.0%","46.3%","-11.3%","2.7","643","0.1",""
"2022-04-19","2022-04-22","1,001","660","47.6%","10.7%","26.1%","15.8%","15.9%","29.1%","2.5%","100.0%","36.8%","45.0%","-8.2%","2.7","641","0.1",""
"2022-03-21","2022-03-25","1,004","615","42.1%","7.3%","16.5%","15.3%","16.9%","41.5%","2.5%","100.0%","23.8%","58.4%","-34.5%","2.3","597","0.1",""
"2022-02-21","2022-02-24","1,002","663","49.7%","8.5%","21.6%","17.0%","13.6%","34.3%","5.1%","100.0%","30.1%","47.8%","-17.7%","2.5","627","0.1",""
"2022-01-17","2022-01-20","1,001","599","48.4%","10.4%","25.5%","12.4%","13.8%","35.0%","2.8%","100.0%","36.0%","48.8%","-12.9%","2.6","577","0.1",""
"2021-12-09","2021-12-14","1,017","594","58.0%","14.5%","24.0%","10.1%","13.8%","36.1%","1.5%","100.0%","38.5%","49.9%","-11.4%","2.7","583","0.1",""
"2021-11-15","2021-11-18","1,004","680","53.7%","16.1%","25.7%","12.6%","11.7%","32.4%","1.5%","100.0%","41.8%","44.1%","-2.4%","2.8","669","0.1",""
"2021-10-18","2021-10-22","1,000","599","52.2%","12.5%","25.8%","15.7%","12.4%","31.8%","1.8%","100.0%","38.2%","44.2%","-6.0%","2.7","588","0.1",""
"2021-09-16","2021-09-23","1,036","658","44.1%","13.1%","21.9%","14.4%","12.9%","35.2%","2.5%","100.0%","35.0%","48.1%","-13.1%","2.6","639","0.1",""
"2021-08-20","2021-08-26","1,003","661","52.9%","11.7%","22.2%","14.8%","10.0%","39.7%","1.6%","100.0%","34.0%","49.6%","-15.7%","2.6","648","0.1",""
"2021-07-19","2021-07-22","1,000","581","48.5%","18.6%","19.4%","10.3%","9.9%","40.3%","1.5%","100.0%","38.1%","50.1%","-12.1%","2.7","568","0.1",""
"2021-06-21","2021-06-25","1,014","579","49.3%","15.1%","18.5%","13.5%","11.1%","40.5%","1.5%","100.0%","33.5%","51.5%","-18.0%","2.6","569","0.1",""
"2021-05-17","2021-05-21","1,004","568","52.5%","12.5%","18.7%","13.6%","14.0%","39.6%","1.7%","100.0%","31.2%","53.5%","-22.3%","2.5","638","0.1",""
"2021-04-19","2021-04-22","1,004","555","54.5%","10.9%","20.7%","14.2%","12.6%","39.5%","2.1%","100.0%","31.6%","52.1%","-20.5%","2.5","540","0.1",""
"2021-03-22","2021-03-25","1,010","557","56.8%","12.2%","19.9%","12.8%","12.0%","41.1%","1.9%","100.0%","32.1%","53.1%","-21.0%","2.5","546","0.1",""
"2021-02-24","2021-02-26","1,000","506","57.2%","13.5%","22.7%","12.3%","10.0%","39.8%","1.7%","100.0%","36.1%","49.9%","-13.7%","2.6","495","0.1",""
"2021-01-18","2021-01-22","1,011","502","67.2%","12.8%","15.4%","20.1%","14.0%","36.7%","1.1%","100.0%","28.1%","50.7%","-22.6%","2.5","496","0.1",""
"2020-12-18","2020-12-22","1,014","622","68.7%","11.2%","17.5%","14.7%","12.8%","43.1%","0.8%","100.0%","28.6%","55.9%","-27.3%","2.4","616","0.1",""
"2020-11-23","2020-11-26","1,085","535","74.6%","12.8%","17.0%","19.1%","10.0%","39.4%","1.7%","100.0%","29.8%","49.4%","-19.6%","2.4","690","0.1",""
"2020-10-19","2020-10-22","1,020","624","62.2%","13.3%","13.0%","11.4%","11.6%","49.7%","1.0%","100.0%","26.3%","61.3%","-34.9%","2.4","690","0.1",""
"2020-09-21","2020-09-24","1,013","703","61.5%","13.4%","13.2%","17.4%","10.2%","44.6%","1.2%","100.0%","26.6%","54.8%","-28.2%","2.4","690","0.1",""
"2020-08-17","2020-08-20","1,020","688","60.9%","15.1%","15.1%","9.0%","9.5%","49.8%","1.5%","100.0%","30.2%","59.3%","-29.1%","2.4","676","0.1",""
"2020-07-20","2020-07-24","1,029","625","62.5%","12.1%","13.3%","12.2%","8.8%","52.1%","1.4%","100.0%","25.5%","60.9%","-35.5%","2.2","615","0.1",""
"2020-06-15","2020-06-18","1,002","627","54.1%","11.5%","15.3%","11.8%","9.5%","49.1%","2.8%","100.0%","26.8%","58.6%","-31.8%","2.3","609","0.1",""
"2020-05-19","2020-05-21","1,001","617","55.6%","9.0%","18.3%","8.6%","8.7%","54.3%","1.2%","100.0%","27.3%","62.9%","-35.7%","2.2","609","0.1",""
"2020-04-14","2020-04-17","1,005","657","64.5%","12.6%","15.9%","10.1%","10.8%","49.5%","1.0%","100.0%","28.5%","60.3%","-31.8%","2.3","651","0.1",""
"2020-03-17","2020-03-20","1,004","620","62.9%","13.2%","11.3%","12.2%","12.7%","49.0%","1.6%","100.0%","24.5%","61.7%","-37.1%","2.3","607","0.1",""
"2020-02-17","2020-02-19","1,008","617","64.6%","3.7%","10.5%","8.3%","13.3%","62.6%","1.6%","100.0%","14.2%","75.9%","-61.7%","1.8","607","0.1",""
"2020-01-16","2020-01-21","1,004","641","69.7%","8.9%","10.1%","10.4%","13.3%","55.9%","1.2%","100.0%","19.1%","69.2%","-50.1%","2.0","633","0.1",""
"2019-12-13","2019-12-18","1,046","618","61.6%","9.0%","15.5%","10.8%","12.8%","50.4%","1.4%","100.0%","24.6%","63.2%","-38.6%","2.2","608","0.1",""
"2019-11-15","2019-11-21","1,008","607","74.1%","7.9%","14.9%","11.7%","15.6%","48.5%","1.5%","100.0%","22.8%","64.0%","-41.3%","2.2","597","0.1",""
"2019-10-17","2019-10-23","1,038","623","63.2%","8.2%","15.2%","7.3%","14.7%","53.1%","1.5%","100.0%","23.4%","67.8%","-44.4%","2.1","613","0.1",""
"2019-08-15","2019-08-20","1,023","632","68.5%","11.0%","16.1%","7.5%","13.1%","50.8%","1.6%","100.0%","27.0%","63.8%","-36.8%","2.2","620","0.1",""
"2019-07-17","2019-07-19","1,002","555","59.8%","10.4%","19.0%","9.1%","16.0%","44.4%","1.1%","100.0%","29.5%","60.4%","-30.9%","2.3","548","0.1",""
"2019-06-17","2019-06-20","1,015","623","58.7%","12.4%","15.5%","10.7%","18.8%","41.4%","1.3%","100.0%","27.9%","60.2%","-32.3%","2.4","611","0.1",""
"2019-05-20","2019-05-23","1,013","686","61.9%","12.6%","23.7%","12.2%","20.7%","29.7%","1.1%","100.0%","36.3%","50.4%","-14.1%","2.7","677","0.1",""
"2019-02-28","2019-03-05","1,024","639","72.2%","10.8%","23.5%","18.6%","18.1%","28.4%","0.6%","100.0%","34.3%","46.5%","-12.2%","2.7","631","0.1",""
"2019-01-21","2019-01-24","1,000","532","59.0%","12.0%","31.8%","18.0%","16.6%","20.4%","1.1%","100.0%","43.8%","37.1%","6.7%","3.0","526","0.1",""
"2018-11-15","2018-11-19","1,000","553","67.9%","16.5%","28.7%","15.5%","18.0%","20.8%","0.5%","100.0%","45.3%","38.8%","6.5%","3.0","550","0.1","@"
"2018-09-03","2018-09-06","1,030","515","50.4%","13.3%","38.0%","11.6%","17.1%","18.8%","1.3%","100.0%","51.3%","35.9%","15.4%","3.1","507","0.1",""
"2018-07-18","2018-07-23","1,002","595","49.0%","9.6%","36.9%","14.5%","16.3%","21.1%","1.5%","100.0%","46.5%","37.5%","9.0%","3.0","583","0.1",""
"2018-07-03","2018-07-05","1,001","570","59.0%","12.0%","33.2%","17.5%","15.9%","20.2%","1.2%","100.0%","45.3%","36.1%","9.1%","3.0","562","0.1",""
"2018-06-14","2018-06-21","1,000","634","59.6%","12.1%","39.1%","11.5%","15.4%","19.4%","2.5%","100.0%","51.2%","34.8%","16.3%","3.1","618","0.1",""
"2018-06-04","2018-06-07","1,001","623","56.3%","11.3%","37.8%","14.2%","18.1%","17.6%","1.1%","100.0%","49.1%","35.7%","13.4%","3.1","616","0.1",""
"2018-05-21","2018-05-25","1,009","547","55.9%","7.7%","33.8%","14.7%","21.1%","22.1%","0.7%","100.0%","41.5%","43.1%","-1.6%","2.8","542","0.1",""
"2018-05-04","2018-05-09","1,017","556","59.5%","12.2%","34.5%","17.4%","18.5%","16.8%","0.7%","100.0%","46.7%","35.3%","11.4%","3.1","551","0.1",""
"2018-04-16","2018-04-19","1,001","632","56.4%","10.9%","32.0%","21.0%","15.3%","19.6%","1.1%","100.0%","42.9%","34.9%","8.0%","3.0","622","0.1",""
"2018-04-02","2018-04-04","1,003","609","59.3%","10.6%","31.4%","15.0%","20.9%","21.2%","0.9%","100.0%","42.1%","42.1%","0.0%","2.9","603","0.1",""
"2018-03-15","2018-03-20","1,006","550","62.5%","11.2%","35.5%","18.2%","16.4%","16.5%","2.2%","100.0%","46.7%","32.9%","13.8%","3.1","537","0.1",""
"2018-03-01","2018-03-06","1,002","605","64.7%","9.0%","34.9%","15.1%","20.5%","19.1%","1.5%","100.0%","43.8%","39.5%","4.3%","2.9","595","0.1",""
"2018-02-20","2018-02-22","1,017","676","63.6%","15.5%","31.1%","16.3%","20.9%","14.7%","1.5%","100.0%","46.6%","35.6%","11.0%","3.1","664","0.1",""
"2018-02-01","2018-02-06","1,001","601","62.5%","11.4%","34.1%","15.7%","16.5%","21.5%","0.7%","100.0%","45.6%","38.0%","7.5%","3.0","597","0.1",""
"2018-01-15","2018-01-18","1,035","620","63.6%","11.8%","31.5%","14.4%","19.9%","20.5%","2.0%","100.0%","43.3%","40.4%","2.9%","2.9","605","0.1",""
"2018-01-03","2018-01-04","1,000","572","58.3%","13.4%","30.6%","17.4%","22.2%","14.5%","1.9%","100.0%","44.0%","36.7%","7.3%","3.1","561","0.1",""
"2017-12-18","2017-12-19","1,013","585","64.9%","11.8%","36.3%","15.2%","16.9%","17.6%","2.2%","100.0%","48.1%","34.5%","13.6%","3.1","567","0.1",""
"2017-12-04","2017-12-06","1,034","842","61.0%","12.0%","36.3%","17.4%","16.0%","17.4%","0.9%","100.0%","48.3%","33.4%","14.8%","3.1","834","0.1",""
"2017-11-14","2017-11-16","1,011","685","62.8%","13.9%","41.1%","18.9%","14.5%","11.3%","0.3%","100.0%","55.0%","25.8%","29.2%","3.3","760","0.1",""
"2017-11-06","2017-11-09","1,002","718","57.6%","13.0%","34.3%","17.4%","18.0%","16.8%","0.5%","100.0%","47.3%","34.8%","12.5%","3.1","713","0.1",""
"2017-10-16","2017-10-19","1,009","685","64.5%","13.1%","39.2%","17.2%","17.4%","12.0%","1.1%","100.0%","52.3%","29.4%","22.9%","3.2","678","0.1",""
"2017-09-12","2017-09-15","1,017","838","57.6%","12.8%","31.8%","15.2%","19.5%","19.3%","1.4%","100.0%","44.6%","38.8%","5.8%","3.0","826","0.1","*"
"2017-09-01","2017-09-06","1,010","1,010","51.0%","15.7%","33.5%","19.4%","16.4%","14.5%","0.6%","100.0%","49.2%","30.9%","18.3%","3.2","1,004","0.1","*"
"2017-08-16","2017-08-21","1,028","761","47.7%","12.5%","31.6%","19.1%","18.6%","15.9%","2.3%","100.0%","44.1%","34.5%","9.6%","3.1","743","0.1","*"
"2017-08-02","2017-08-07","1,016","763","55.0%","13.7%","30.2%","17.6%","18.3%","17.5%","2.6%","100.0%","43.9%","35.8%","8.1%","3.0","743","0.1","*"
"2017-07-17","2017-07-20","1,020","791","63.9%","14.2%","31.7%","15.2%","14.9%","22.0%","2.0%","100.0%","45.9%","36.9%","9.0%","3.0","775","0.1","*"
"2017-07-03","2017-07-06","1,036","641","60.1%","14.7%","32.3%","16.6%","21.8%","12.6%","2.1%","100.0%","47.0%","34.4%","12.6%","3.1","627","0.1","*"
"2017-06-19","2017-06-22","1,007","590","71.2%","10.0%","34.0%","15.9%","20.1%","17.0%","3.1%","100.0%","44.0%","37.1%","6.9%","3.0","572","0.1",""
"2017-06-13","2017-06-15","1,004","602","69.8%","12.5%","24.6%","23.8%","16.4%","21.5%","1.3%","100.0%","37.1%","37.9%","-0.8%","2.9","595","0.1",""
"2017-06-05","2017-06-08","1,036","616","69.4%","9.3%","29.2%","17.5%","17.5%","25.4%","1.1%","100.0%","38.5%","42.9%","-4.4%","2.8","609","0.1",""
"2017-05-22","2017-05-25","1,003","633","69.7%","8.6%","28.1%","17.8%","22.2%","21.7%","1.7%","100.0%","36.7%","43.9%","-7.2%","2.8","623","0.1",""
"2017-05-08","2017-05-11","1,004","584","72.1%","9.3%","31.7%","16.8%","22.2%","19.4%","0.7%","100.0%","41.0%","41.6%","-0.6%","2.9","580","0.1",""
"2017-04-24","2017-04-27","1,006","630","71.4%","10.0%","31.9%","16.1%","18.5%","22.1%","1.4%","100.0%","41.9%","40.6%","1.3%","2.9","621","0.1",""
"2017-04-03","2017-04-06","1,009","547","73.1%","10.9%","36.1%","16.4%","20.8%","14.2%","1.6%","100.0%","47.0%","35.0%","12.0%","3.1","538","0.1",""
"2017-03-21","2017-03-24","1,073","626","72.4%","16.5%","31.3%","18.9%","15.1%","16.5%","1.7%","100.0%","47.8%","31.6%","16.2%","3.2","616","0.1",""
"2017-03-16","2017-03-20","1,017","652","72.2%","9.0%","37.2%","18.0%","18.6%","16.6%","0.7%","100.0%","46.2%","35.2%","11.0%","3.0","648","0.1",""
"2017-03-06","2017-03-10","1,005","673","69.8%","10.3%","33.2%","19.8%","17.5%","17.5%","1.7%","100.0%","43.5%","35.0%","8.5%","3.0","661","0.1",""
"2017-02-20","2017-02-24","1,006","636","70.8%","11.1%","34.8%","16.1%","21.7%","14.1%","2.2%","100.0%","45.9%","35.8%","10.1%","3.1","622","0.1",""
"2017-02-06","2017-02-09","1,029","622","70.5%","8.3%","34.0%","16.8%","19.0%","20.7%","1.1%","100.0%","42.3%","39.7%","2.6%","2.9","615","0.1",""
"2017-01-19","2017-01-24","1,002","544","69.5%","11.5%","36.0%","13.4%","16.2%","20.7%","2.3%","100.0%","47.5%","36.9%","10.6%","3.0","531","0.1",""
"2017-01-03","2017-01-05","1,004","650","56.7%","10.0%","31.9%","18.1%","19.4%","19.8%","0.8%","100.0%","41.9%","39.2%","2.7%","2.9","645","0.1",""
"2016-12-19","2016-12-22","1,009","512","70.9%","11.9%","33.8%","14.4%","22.0%","16.5%","1.2%","100.0%","45.7%","38.5%","7.2%","3.0","505","0.1",""
"2016-12-12","2016-12-15","1,001","633","71.6%","11.8%","27.9%","22.6%","17.8%","18.1%","1.9%","100.0%","39.7%","35.9%","3.8%","3.0","621","0.1",""
"2016-12-02","2016-12-08","1,008","600","69.2%","10.5%","29.9%","16.9%","18.4%","21.9%","2.4%","100.0%","40.4%","40.3%","0.1%","2.9","586","0.1",""
"2016-11-21","2016-11-24","1,000","535","70.8%","8.0%","32.6%","19.8%","17.3%","20.0%","2.3%","100.0%","40.6%","37.3%","3.3%","2.9","522","0.1",""
"2016-11-07","2016-11-10","1,004","536","71.2%","10.9%","28.8%","20.2%","20.4%","19.0%","0.7%","100.0%","39.7%","39.4%","0.3%","2.9","532","0.1",""
"2016-10-24","2016-10-27","1,001","686","72.9%","10.0%","28.3%","19.3%","18.6%","20.7%","3.0%","100.0%","38.3%","39.3%","-1.0%","2.9","666","0.1",""
"2016-10-03","2016-10-06","1,015","652","72.7%","10.9%","29.9%","20.6%","20.5%","16.6%","1.6%","100.0%","40.8%","37.1%","3.7%","3.0","641","0.1",""
"2016-09-19","2016-09-22","1,012","589","72.4%","9.1%","28.3%","17.5%","18.4%","24.9%","1.7%","100.0%","37.4%","43.3%","-5.9%","2.8","579","0.1",""
"2016-09-05","2016-09-08","1,001","597","73.5%","9.2%","27.3%","21.6%","18.5%","21.5%","1.9%","100.0%","36.5%","40.0%","-3.5%","2.8","585","0.1",""
"2016-08-19","2016-08-25","1,003","604","71.4%","7.5%","28.7%","21.1%","19.6%","19.4%","3.6%","100.0%","36.2%","39.0%","-2.8%","2.8","582","0.1",""
"2016-08-05","2016-08-11","1,004","601","72.4%","5.6%","32.8%","22.6%","16.6%","19.4%","3.0%","100.0%","38.4%","36.0%","2.4%","2.9","582","0.1",""
"2016-07-18","2016-07-21","1,013","619","73.6%","7.8%","24.4%","23.0%","19.5%","23.0%","2.3%","100.0%","32.2%","42.5%","-10.3%","2.7","605","0.1",""
"2016-07-04","2016-07-07","1,004","630","68.9%","8.6%","28.9%","19.1%","20.7%","21.2%","1.4%","100.0%","37.5%","41.9%","-4.4%","2.8","621","0.1",""
"2016-06-20","2016-06-23","1,006","633","69.5%","8.3%","30.2%","19.5%","15.2%","24.7%","2.1%","100.0%","38.5%","39.9%","-1.4%","2.8","620","0.1",""
"2016-06-10","2016-06-16","1,007","614","71.2%","14.2%","21.6%","25.8%","16.7%","20.4%","1.3%","100.0%","35.8%","37.1%","-1.3%","2.9","606","0.1",""
"2016-06-06","2016-06-08","1,024","609","70.2%","7.5%","27.2%","20.6%","25.9%","17.6%","1.2%","100.0%","34.7%","43.5%","-8.8%","2.8","602","0.1",""
"2016-05-24","2016-05-26","1,009","648","69.9%","8.1%","26.8%","21.0%","16.0%","26.1%","2.0%","100.0%","34.9%","42.1%","-7.2%","2.7","635","0.1",""
"2016-05-03","2016-05-05","1,000","542","69.7%","10.3%","28.4%","18.3%","19.5%","21.2%","2.3%","100.0%","38.7%","40.7%","-2.0%","2.9","530","0.1",""
"2016-04-18","2016-04-21","1,011","636","68.6%","7.7%","31.8%","16.6%","23.5%","19.8%","0.6%","100.0%","39.5%","43.3%","-3.8%","2.8","632","0.1",""
"2016-04-05","2016-04-07","1,000","679","68.3%","10.0%","31.7%","17.5%","17.4%","21.9%","1.6%","100.0%","41.7%","39.3%","2.4%","2.9","668","0.1",""
"2016-03-17","2016-03-22","1,000","601","68.1%","9.0%","29.4%","17.6%","22.2%","20.0%","1.8%","100.0%","38.4%","42.2%","-3.8%","2.8","591","0.1",""
"2016-03-14","2016-03-18","1,001","655","67.9%","9.5%","28.3%","15.8%","20.3%","24.0%","2.2%","100.0%","37.8%","44.3%","-6.5%","2.8","640","0.1",""
"2016-03-07","2016-03-10","1,000","626","67.4%","8.4%","28.7%","15.1%","21.8%","25.2%","0.8%","100.0%","37.1%","47.0%","-9.9%","2.7","621","0.1",""
"2016-02-17","2016-02-19","1,001","612","66.4%","11.5%","30.1%","15.8%","15.9%","24.0%","2.7%","100.0%","41.6%","39.9%","1.7%","2.9","595","0.1",""
"2016-02-01","2016-02-04","1,014","543","66.4%","7.3%","33.2%","17.0%","16.8%","24.4%","1.2%","100.0%","40.5%","41.2%","-0.7%","2.8","536","0.1",""
"2016-01-18","2016-01-21","1,010","671","67.2%","10.2%","24.2%","20.3%","20.7%","23.6%","1.0%","100.0%","34.4%","44.3%","-9.9%","2.8","664","0.1",""
"2016-01-04","2016-01-06","1,013","615","63.9%","5.2%","26.0%","20.6%","19.2%","27.2%","1.7%","100.0%","31.2%","46.4%","-15.2%","2.6","604","0.1",""
"2015-12-16","2015-12-21","1,012","610","66.6%","10.4%","29.1%","21.1%","18.7%","18.0%","2.7%","100.0%","39.5%","36.7%","2.8%","3.0","594","0.1",""
"2015-12-10","2015-12-15","1,012","692","65.4%","10.7%","27.5%","28.8%","15.1%","15.4%","2.4%","100.0%","38.2%","30.5%","7.7%","3.0","675","0.1",""
"2015-12-03","2015-12-07","1,011","574","65.4%","8.1%","23.4%","24.5%","21.3%","21.2%","1.4%","100.0%","31.5%","42.5%","-11.0%","2.8","566","0.1",""
"2015-11-18","2015-11-24","1,021","531","66.4%","7.0%","32.8%","21.8%","16.9%","19.8%","1.7%","100.0%","39.8%","36.7%","3.1%","2.9","521","0.1",""
"2015-11-02","2015-11-05","1,008","634","66.4%","9.0%","31.2%","21.5%","19.3%","18.0%","1.0%","100.0%","40.2%","37.3%","2.9%","2.9","627","0.1",""
"2015-10-19","2015-10-23","1,007","606","66.8%","7.3%","29.2%","22.6%","20.3%","18.5%","2.1%","100.0%","36.5%","38.8%","-2.3%","2.9","593","0.1",""
"2015-10-05","2015-10-08","1,003","599","64.4%","5.7%","27.4%","22.2%","22.0%","21.0%","1.6%","100.0%","33.1%","43.0%","-9.9%","2.7","590","0.1",""
"2015-09-16","2015-09-22","1,018","594","64.0%","8.0%","26.3%","26.8%","17.4%","19.5%","2.1%","100.0%","34.3%","36.9%","-2.6%","2.9","581","0.1",""
"2015-09-09","2015-09-17","1,006","638","65.1%","8.9%","29.5%","23.8%","17.8%","19.0%","1.0%","100.0%","38.4%","36.8%","1.6%","2.9","632","0.1",""
"2015-09-07","2015-09-10","1,011","595","64.9%","11.5%","30.7%","18.3%","18.1%","20.5%","0.9%","100.0%","42.2%","38.6%","3.6%","2.9","589","0.1",""
"2015-08-21","2015-08-27","1,005","643","65.1%","7.4%","26.8%","23.5%","19.8%","20.5%","2.0%","100.0%","34.2%","40.3%","-6.1%","2.8","630","0.1",""
"2015-08-03","2015-08-06","1,002","715","64.9%","8.1%","25.8%","22.8%","18.7%","22.0%","2.5%","100.0%","33.9%","40.7%","-6.8%","2.8","697","0.1",""
"2015-07-20","2015-07-23","1,010","622","66.4%","8.5%","34.3%","19.8%","17.4%","18.5%","1.5%","100.0%","42.8%","35.9%","6.9%","3.0","613","0.1",""
"2015-07-06","2015-07-10","1,009","613","65.7%","12.1%","30.9%","22.1%","19.2%","14.5%","1.2%","100.0%","43.0%","33.7%","9.3%","3.1","606","0.1",""
"2015-06-22","2015-06-25","1,038","676","67.4%","11.8%","29.2%","20.7%","20.4%","16.4%","1.6%","100.0%","41.0%","36.8%","4.2%","3.0","665","0.1",""
"2015-06-15","2015-06-18","1,003","666","65.6%","15.3%","22.4%","25.3%","15.5%","19.3%","2.2%","100.0%","37.7%","34.8%","2.9%","3.0","651","0.1",""
"2015-06-03","2015-06-09","1,066","561","63.9%","9.2%","28.8%","21.4%","20.1%","20.1%","0.4%","100.0%","38.0%","40.2%","-2.2%","2.9","559","0.1",""
"2015-05-15","2015-05-21","1,063","665","65.6%","12.5%","32.2%","21.4%","17.0%","16.2%","0.7%","100.0%","44.7%","33.2%","11.5%","3.1","660","0.1",""
"2015-05-04","2015-05-07","1,003","524","66.2%","9.5%","30.6%","26.7%","16.5%","15.2%","1.6%","100.0%","40.1%","31.7%","8.4%","3.0","516","0.1",""
"2015-04-20","2015-04-26","1,070","675","67.0%","9.4%","32.7%","22.1%","15.7%","19.2%","0.9%","100.0%","42.1%","34.9%","7.2%","3.0","669","0.1",""
"2015-03-31","2015-04-09","1,018","673","68.4%","10.7%","29.1%","20.1%","17.7%","21.9%","0.6%","100.0%","39.8%","39.6%","0.2%","2.9","669","0.1",""
"2015-03-16","2015-03-19","1,010","581","69.1%","8.2%","28.2%","24.0%","16.3%","21.3%","2.0%","100.0%","36.4%","37.6%","-1.2%","2.9","570","0.1",""
"2015-03-09","2015-03-12","1,024","632","68.6%","11.6%","25.3%","23.2%","16.6%","20.7%","2.7%","100.0%","36.9%","37.3%","-0.4%","2.9","615","0.1",""
"2015-03-02","2015-03-05","1,000","653","67.2%","7.6%","29.7%","19.7%","18.1%","24.4%","0.5%","100.0%","37.3%","42.5%","-5.2%","2.8","650","0.1",""
"2015-02-11","2015-02-16","1,008","636","67.6%","8.1%","30.8%","21.5%","19.4%","19.8%","0.5%","100.0%","38.9%","39.2%","-0.3%","2.9","632","0.1",""
"2015-01-30","2015-02-04","1,028","615","67.5%","10.3%","30.0%","17.5%","16.8%","24.8%","0.4%","100.0%","40.3%","41.6%","-1.3%","2.8","613","0.1",""
"2015-01-19","2015-01-21","1,024","618","65.2%","8.4%","29.7%","24.6%","17.3%","18.6%","1.3%","100.0%","38.1%","35.9%","2.2%","2.9","610","0.1",""
"2015-01-02","2015-01-08","1,021","668","65.5%","8.3%","28.5%","18.7%","22.1%","21.2%","1.1%","100.0%","36.8%","43.3%","-6.5%","2.8","660","0.1",""
"2014-12-17","2014-12-22","1,021","641","68.0%","9.3%","32.6%","20.7%","18.2%","18.2%","1.0%","100.0%","41.9%","36.4%","5.5%","3.0","634","0.1",""
"2014-12-15","2014-12-18","1,014","627","67.3%","11.3%","26.0%","26.6%","15.3%","20.1%","0.7%","100.0%","37.3%","35.4%","1.9%","2.9","622","0.1",""
"2014-12-08","2014-12-11","1,005","589","64.5%","7.7%","29.8%","16.4%","24.4%","20.4%","1.4%","100.0%","37.5%","44.8%","-7.3%","2.8","580","0.1",""
"2014-11-17","2014-11-19","1,022","610","67.5%","10.9%","35.4%","21.6%","13.7%","16.2%","2.1%","100.0%","46.3%","29.9%","16.4%","3.1","598","0.1",""
"2014-10-31","2014-11-05","1,008","595","64.8%","8.7%","30.7%","23.2%","17.5%","18.4%","1.4%","100.0%","39.4%","35.9%","3.5%","2.9","587","0.1",""
"2014-10-20","2014-10-23","1,018","622","66.3%","8.8%","27.0%","14.6%","21.3%","25.1%","3.3%","100.0%","35.8%","46.4%","-10.6%","2.7","602","0.1",""
"2014-10-06","2014-10-09","1,012","603","66.9%","7.7%","28.0%","20.2%","22.9%","19.5%","1.7%","100.0%","35.7%","42.4%","-6.7%","2.8","593","0.1",""
"2014-09-17","2014-09-22","1,006","625","63.9%","11.1%","27.8%","19.0%","20.7%","19.2%","2.2%","100.0%","38.9%","39.9%","-1.0%","2.9","612","0.1",""
"2014-09-04","2014-09-11","1,000","551","63.8%","7.5%","28.7%","19.9%","20.7%","22.3%","0.8%","100.0%","36.2%","43.0%","-6.8%","2.8","547","0.1",""
"2014-08-14","2014-08-20","1,018","618","66.5%","6.9%","33.9%","19.0%","22.1%","15.8%","2.4%","100.0%","40.8%","37.9%","2.9%","2.9","604","0.1",""
"2014-07-31","2014-08-06","1,012","675","64.7%","8.3%","28.8%","23.1%","19.9%","17.4%","2.4%","100.0%","37.1%","37.3%","-0.2%","2.9","659","0.1",""
"2014-07-21","2014-07-24","1,017","670","68.3%","9.8%","33.9%","19.0%","17.7%","17.8%","1.7%","100.0%","43.7%","35.5%","8.2%","3.0","659","0.1",""
"2014-07-07","2014-07-10","1,008","679","67.9%","8.5%","26.1%","22.2%","19.7%","21.8%","1.7%","100.0%","34.6%","41.5%","-6.9%","2.8","668","0.1",""
"2014-06-16","2014-06-19","1,018","630","68.4%","9.2%","30.2%","16.9%","21.3%","19.5%","3.0%","100.0%","39.4%","40.8%","-1.4%","2.9","611","0.1",""
"2014-06-06","2014-06-12","1,026","630","67.5%","10.9%","29.9%","21.9%","19.4%","16.3%","1.6%","100.0%","40.8%","35.7%","5.1%","3.0","620","0.1",""
"2014-06-03","2014-06-06","1,052","529","68.4%","7.1%","32.6%","20.1%","22.4%","15.7%","2.1%","100.0%","39.7%","38.1%","1.6%","2.9","518","0.1",""
"2014-05-17","2014-05-22","1,005","687","66.8%","7.7%","34.1%","21.6%","18.5%","15.5%","2.7%","100.0%","41.8%","34.0%","7.8%","3.0","669","0.1",""
"2014-05-05","2014-05-08","1,005","560","64.3%","5.7%","34.1%","22.9%","23.9%","11.6%","1.7%","100.0%","39.8%","35.5%","4.3%","3.0","551","0.1",""
"2014-04-16","2014-04-23","1,020","626","66.2%","8.7%","30.0%","22.3%","21.0%","16.9%","1.2%","100.0%","38.7%","37.9%","0.8%","2.9","619","0.1",""
"2014-04-07","2014-04-10","1,015","530","68.1%","6.5%","37.1%","17.5%","21.1%","14.8%","3.1%","100.0%","43.6%","35.9%","7.7%","3.0","514","0.1",""
"2014-03-24","2014-03-27","1,030","573","68.7%","9.2%","37.5%","18.1%","21.0%","13.0%","1.2%","100.0%","46.7%","34.0%","12.7%","3.1","567","0.1",""
"2014-03-17","2014-03-20","1,023","573","67.8%","12.1%","32.5%","21.5%","18.7%","13.7%","1.5%","100.0%","44.6%","32.4%","12.2%","3.1","565","0.1",""
"2014-03-03","2014-03-06","1,017","615","65.9%","7.0%","30.6%","21.1%","24.7%","14.3%","2.3%","100.0%","37.6%","39.0%","-1.4%","2.9","601","0.1",""
"2014-02-17","2014-02-20","1,031","578","67.8%","5.1%","33.8%","21.6%","19.9%","17.1%","2.6%","100.0%","38.9%","37.0%","1.9%","2.9","564","0.1",""
"2014-02-04","2014-02-06","1,030","612","65.5%","4.8%","34.4%","24.9%","21.9%","12.8%","1.2%","100.0%","39.2%","34.7%","4.5%","3.0","604","0.1",""
"2014-01-18","2014-01-22","1,014","565","67.6%","5.2%","35.9%","21.8%","21.6%","12.8%","2.7%","100.0%","41.1%","34.4%","6.7%","3.0","550","0.1",""
"2014-01-02","2014-01-06","1,018","559","66.5%","6.7%","38.8%","20.0%","17.7%","14.3%","2.6%","100.0%","45.5%","32.0%","13.5%","3.1","545","0.1",""
"2013-12-16","2013-12-19","1,018","609","68.6%","4.4%","33.4%","21.5%","23.9%","14.9%","1.8%","100.0%","37.8%","38.8%","-1.0%","2.9","598","0.1",""
"2013-12-09","2013-12-12","1,015","568","68.0%","9.1%","34.8%","18.4%","21.1%","13.5%","3.0%","100.0%","43.9%","34.6%","9.3%","3.1","551","0.1",""
"2013-12-03","2013-12-05","1,006","531","69.3%","4.7%","35.4%","19.3%","22.1%","17.8%","0.8%","100.0%","40.1%","39.9%","0.2%","2.9","527","0.1",""
"2013-11-14","2013-11-21","1,026","653","68.7%","6.0%","28.7%","18.9%","22.4%","21.4%","2.5%","100.0%","34.7%","43.8%","-9.1%","2.7","636","0.1",""
"2013-11-04","2013-11-07","1,008","566","66.8%","4.8%","29.3%","17.7%","26.0%","20.0%","2.2%","100.0%","34.1%","46.0%","-11.9%","2.7","553","0.1",""
"2013-10-18","2013-10-24","1,018","661","69.3%","5.2%","31.0%","17.5%","21.3%","22.8%","2.3%","100.0%","36.2%","44.1%","-7.9%","2.7","646","0.1",""
"2013-10-03","2013-10-08","1,009","617","63.5%","7.9%","36.7%","18.9%","20.9%","13.8%","1.8%","100.0%","44.6%","34.7%","9.9%","3.0","606","0.1",""
"2013-09-23","2013-09-26","1,013","580","63.8%","8.7%","39.7%","20.1%","16.3%","13.2%","2.0%","100.0%","48.4%","29.5%","18.9%","3.1","569","0.1",""
"2013-09-15","2013-09-17","1,007","648","65.3%","9.4%","34.5%","22.3%","17.7%","13.5%","2.7%","100.0%","43.9%","31.2%","12.7%","3.1","631","0.1",""
"2013-09-03","2013-09-05","1,006","635","64.5%","7.5%","30.9%","19.7%","21.6%","18.7%","1.6%","100.0%","38.4%","40.3%","-1.9%","2.9","624","0.1",""
"2013-08-15","2013-08-20","1,015","667","65.7%","8.2%","35.8%","17.4%","18.2%","18.8%","1.5%","100.0%","44.0%","37.0%","7.0%","3.0","657","0.1",""
"2013-08-01","2013-08-08","1,002","613","65.2%","7.0%","32.8%","20.0%","20.1%","17.7%","2.4%","100.0%","39.8%","37.8%","2.0%","2.9","599","0.1",""
"2013-07-22","2013-07-25","1,032","552","68.2%","6.4%","34.2%","20.0%","20.6%","16.9%","1.9%","100.0%","40.6%","37.5%","3.1%","2.9","541","0.1",""
"2013-07-02","2013-07-05","1,001","631","68.0%","6.0%","30.2%","22.0%","22.5%","16.9%","2.5%","100.0%","36.2%","39.4%","-3.2%","2.9","615","0.1",""
"2013-06-13","2013-06-19","1,040","652","68.0%","6.5%","33.1%","23.2%","19.9%","15.7%","1.6%","100.0%","39.6%","35.6%","4.0%","2.9","642","0.1",""
"2013-06-10","2013-06-13","1,055","664","67.9%","10.4%","21.7%","28.8%","18.5%","18.3%","2.3%","100.0%","32.1%","36.8%","-4.7%","2.9","649","0.1",""
"2013-06-03","2013-06-05","1,012","617","65.4%","4.7%","32.4%","26.5%","21.6%","12.6%","2.3%","100.0%","37.1%","34.2%","2.9%","2.9","603","0.1",""
"2013-05-20","2013-05-23","1,023","553","69.5%","4.7%","34.2%","25.1%","19.0%","14.4%","2.7%","100.0%","38.9%","33.4%","5.5%","3.0","538","0.1",""
"2013-05-02","2013-05-07","1,017","624","65.9%","4.7%","32.0%","29.0%","20.8%","12.7%","0.8%","100.0%","36.7%","33.5%","3.2%","3.0","619","0.1",""
"2013-04-17","2013-04-25","1,023","598","68.6%","6.1%","38.7%","25.1%","16.5%","12.0%","1.6%","100.0%","44.8%","28.5%","16.3%","3.1","588","0.1",""
"2013-04-02","2013-04-10","1,007","572","66.2%","6.8%","31.5%","27.3%","21.9%","10.1%","2.3%","100.0%","38.3%","32.0%","6.3%","3.0","559","0.1",""
"2013-03-21","2013-03-27","1,003","665","67.1%","6.3%","34.5%","29.5%","18.5%","9.7%","1.5%","100.0%","40.8%","28.2%","12.6%","3.1","655","0.1",""
"2013-03-19","2013-03-21","1,018","660","67.3%","7.5%","36.8%","27.4%","18.9%","6.6%","2.7%","100.0%","44.3%","25.5%","18.8%","3.2","642","0.1",""
"2013-02-27","2013-03-06","1,023","616","65.5%","6.5%","35.3%","28.3%","17.6%","10.3%","2.0%","100.0%","41.8%","27.9%","13.9%","3.1","604","0.1",""
"2013-02-18","2013-02-21","1,027","546","65.5%","6.6%","34.0%","24.9%","19.7%","12.2%","2.6%","100.0%","40.6%","31.9%","8.7%","3.0","531","0.1",""
"2013-02-01","2013-02-06","1,005","625","64.6%","5.1%","32.3%","27.0%","21.5%","12.7%","1.4%","100.0%","37.4%","34.2%","3.2%","3.0","616","0.1",""
"2013-01-18","2013-01-24","1,024","634","66.3%","5.6%","31.6%","26.7%","18.8%","15.2%","2.1%","100.0%","37.2%","34.0%","3.2%","2.9","621","0.1",""
"2013-01-02","2013-01-09","1,010","610","67.7%","7.3%","34.7%","23.8%","19.0%","11.9%","3.4%","100.0%","42.0%","30.9%","11.1%","3.1","590","0.1",""
"2012-12-18","2012-12-28","1,013","661","65.7%","7.8%","34.0%","26.2%","17.3%","12.5%","2.2%","100.0%","41.8%","29.8%","12.0%","3.1","647","0.1",""
"2012-12-05","2012-12-13","1,030","648","66.7%","9.5%","35.1%","25.5%","13.9%","13.6%","2.5%","100.0%","44.6%","27.5%","17.1%","3.1","632","0.1",""
"2012-12-01","2012-12-04","1,006","671","66.2%","6.8%","34.1%","26.2%","18.8%","12.5%","1.6%","100.0%","40.9%","31.3%","9.6%","3.0","660","0.1",""
"2012-11-14","2012-11-22","1,020","605","64.2%","7.2%","34.6%","28.0%","19.4%","8.3%","2.4%","100.0%","41.8%","27.7%","14.1%","3.1","590","0.1",""
"2012-11-01","2012-11-08","1,028","553","65.1%","6.1%","37.0%","27.6%","16.7%","10.8%","1.8%","100.0%","43.1%","27.5%","15.6%","3.1","543","0.1",""
"2012-10-17","2012-10-23","1,021","612","68.2%","6.3%","31.0%","21.4%","23.6%","15.3%","2.5%","100.0%","37.3%","38.9%","-1.6%","2.9","597","0.1",""
"2012-10-04","2012-10-10","1,006","571","65.8%","8.1%","30.9%","26.0%","21.8%","10.8%","2.5%","100.0%","39.0%","32.6%","6.4%","3.0","557","0.1",""
"2012-09-18","2012-09-27","1,037","640","67.8%","5.4%","31.2%","20.7%","24.3%","16.4%","2.0%","100.0%","36.6%","40.7%","-4.1%","2.8","627","0.1",""
"2012-09-11","2012-09-14","1,036","562","63.1%","7.6%","26.4%","28.6%","19.7%","15.2%","2.5%","100.0%","34.0%","34.9%","-0.9%","2.9","548","0.1",""
"2012-09-03","2012-09-07","1,005","588","64.6%","6.5%","30.3%","21.5%","24.4%","16.1%","1.2%","100.0%","36.8%","40.5%","-3.7%","2.9","581","0.1",""
"2012-08-14","2012-08-18","1,019","567","66.6%","6.1%","33.6%","21.9%","21.2%","15.4%","1.7%","100.0%","39.7%","36.6%","3.1%","2.9","558","0.1",""
"2012-08-02","2012-08-08","1,002","567","65.9%","6.0%","31.5%","27.9%","21.1%","10.7%","3.0%","100.0%","37.5%","31.8%","5.7%","3.0","551","0.1",""
"2012-07-17","2012-07-20","1,018","661","65.8%","5.2%","35.9%","23.0%","18.1%","14.6%","3.2%","100.0%","41.1%","32.7%","8.4%","3.0","640","0.1",""
"2012-07-09","2012-07-11","1,000","538","69.1%","8.3%","35.1%","23.3%","18.7%","11.4%","3.1%","100.0%","43.4%","30.1%","13.3%","3.1","521","0.1",""
"2012-06-04","2012-06-12","1,003","552","63.4%","5.7%","29.1%","30.7%","21.9%","10.1%","2.4%","100.0%","34.8%","32.0%","2.8%","3.0","537","0.1",""
"2012-03-09","2012-03-11","1,022","598","63.6%","5.9%","30.3%","24.9%","24.3%","11.7%","2.9%","100.0%","36.2%","36.0%","0.2%","2.9","580","0.1",""
"2011-12-06","2011-12-13","1,005","543","67.4%","4.2%","31.1%","30.6%","22.4%","9.2%","2.6%","100.0%","35.3%","31.6%","3.7%","3.0","529","0.1",""
"2011-09-05","2011-09-10","1,038","503","66.2%","7.0%","36.5%","25.6%","20.8%","7.0%","3.1%","100.0%","43.5%","27.8%","15.7%","3.2","487","0.1",""
"2011-06-13","2011-06-16","1,034","516","66.5%","6.2%","28.2%","35.0%","18.2%","9.9%","2.5%","100.0%","34.4%","28.1%","6.3%","3.0","333","0.1",""
"2011-03-01","2011-03-09","1,003","560","65.4%","8.5%","33.6%","28.4%","17.0%","11.2%","1.2%","100.0%","42.1%","28.2%","13.9%","3.1","553","0.1","%"
"2010-12-13","2010-12-16","1,013","1,013","67.4%","6.4%","38.1%","32.4%","13.6%","8.0%","1.6%","100.0%","44.5%","21.6%","22.9%","3.2","996","0.1",""
"2010-09-07","2010-09-11","1,011","1,011","65.3%","9.2%","43.8%","29.8%","11.6%","4.1%","1.5%","100.0%","53.0%","15.7%","37.3%","3.4","994","0.1",""
"2010-06-09","2010-06-13","1,004","1,004","68.2%","9.7%","31.8%","26.1%","18.5%","12.6%","1.4%","100.0%","41.5%","31.1%","10.4%","3.1","989","0.1",""
"2010-03-01","2010-03-03","1,005","1,005","64.2%","9.1%","37.0%","26.7%","16.1%","10.3%","0.8%","100.0%","46.1%","26.4%","19.7%","3.2","995","0.1",""
"2009-12-28","2009-12-30","1,028","1,028","66.5%","10.9%","37.4%","30.6%","13.2%","6.8%","1.1%","100.0%","48.3%","20.0%","28.3%","3.3","1,016","0.1",""
"2009-10-20","2009-10-30","1,005","1,005","73.1%","7.5%","37.9%","24.5%","17.4%","10.6%","2.2%","100.0%","45.4%","28.0%","17.4%","3.1","983","0.1",""
"2009-08-25","2009-08-30","1,000","1,000","64.9%","8.4%","37.7%","38.6%","10.4%","3.9%","1.0%","100.0%","46.1%","14.3%","31.8%","3.4","988","0.1",""
"2009-06-16","2009-06-21","1,012","1,012","69.0%","9.0%","49.4%","26.9%","9.1%","4.7%","0.8%","100.0%","58.4%","13.8%","44.6%","3.5","1,002","0.1",""
"2009-04-21","2009-04-23","1,014","1,014","68.9%","4.8%","38.2%","38.1%","12.5%","5.9%","0.6%","100.0%","43.0%","18.4%","24.6%","3.2","1,007","0.1",""
"2009-02-23","2009-02-26","1,020","1,020","66.5%","8.4%","34.8%","36.5%","11.8%","7.1%","1.5%","100.0%","43.2%","18.9%","24.3%","3.3","1,005","0.1",""
"2008-12-23","2008-12-29","1,022","1,022","72.8%","9.2%","33.0%","36.3%","13.0%","5.9%","2.5%","100.0%","42.2%","18.9%","23.3%","3.3","996","0.1",""
"2008-10-27","2008-10-29","1,015","1,015","70.3%","8.7%","32.3%","36.7%","14.5%","6.8%","0.9%","100.0%","41.0%","21.3%","19.7%","3.2","1,006","0.1",""
"2008-08-25","2008-08-26","1,065","1,065","70.3%","9.4%","35.8%","37.7%","10.4%","5.3%","1.4%","100.0%","45.2%","15.7%","29.5%","3.3","1,049","0.1",""
"2008-06-18","2008-06-20","1,003","1,003","70.3%","11.4%","50.4%","24.4%","8.6%","3.7%","1.5%","100.0%","61.8%","12.3%","49.5%","3.6","984","0.1",""
"2008-04-23","2008-04-25","1,029","1,029","68.1%","13.7%","45.8%","31.5%","5.4%","1.8%","1.8%","100.0%","59.5%","7.2%","52.3%","3.7","1,010","0.1",""
"2008-02-28","2008-02-29","1,007","1,007","69.2%","14.6%","51.6%","26.2%","3.7%","1.6%","2.1%","100.0%","66.2%","5.3%","60.9%","3.8","984","0.1",""
"2007-12-11","2007-12-14","1,011","1,011","65.1%","9.7%","41.2%","32.0%","10.2%","4.3%","2.7%","100.0%","50.9%","14.5%","36.4%","3.4","983","0.1",""
"2007-10-22","2007-10-25","1,016","1,016","67.4%","9.9%","53.4%","26.2%","7.0%","1.7%","1.8%","100.0%","63.3%","8.7%","54.6%","3.6","998","0.1",""
"2007-08-13","2007-08-16","1,008","1,008","67.1%","14.4%","50.5%","26.4%","4.6%","1.7%","2.4%","100.0%","64.9%","6.3%","58.6%","3.7","981","0.1",""
"2007-06-08","2007-06-12","1,016","1,016","69.5%","11.6%","47.5%","33.7%","3.5%","1.9%","1.8%","100.0%","59.1%","5.4%","53.7%","3.6","994","0.1",""
"2007-04-17","2007-04-20","1,011","1,011","62.7%","12.6%","50.1%","28.3%","6.2%","1.4%","1.4%","100.0%","62.7%","7.6%","55.1%","3.7","997","0.1",""
"2007-02-12","2007-02-14","1,013","1,013","63.5%","9.6%","40.7%","38.1%","5.7%","2.9%","3.0%","100.0%","50.3%","8.6%","41.7%","3.5","981","0.1",""
"2006-12-06","2006-12-12","1,011","1,011","60.4%","9.0%","34.9%","41.5%","8.3%","4.4%","2.0%","100.0%","43.9%","12.7%","31.2%","3.4","990","0.1",""
"2006-10-23","2006-10-27","1,010","1,010","59.9%","10.1%","49.5%","26.3%","9.4%","3.2%","1.5%","100.0%","59.6%","12.6%","47.0%","3.5","994","0.1",""
"2006-08-11","2006-08-15","1,015","1,015","55.2%","11.7%","42.4%","34.3%","7.7%","2.6%","1.3%","100.0%","54.1%","10.3%","43.8%","3.5","1,000","0.1",""
"2006-06-13","2006-06-15","1,018","1,018","63.1%","12.6%","47.5%","30.1%","5.1%","2.4%","2.4%","100.0%","60.1%","7.5%","52.6%","3.6","994","0.1",""
"2006-04-18","2006-04-21","1,015","1,015","59.5%","11.0%","57.8%","22.7%","6.1%","1.0%","1.5%","100.0%","68.8%","7.1%","61.7%","3.7","998","0.1",""
"2006-02-09","2006-02-14","1,012","1,012","61.0%","13.6%","44.6%","31.2%","5.9%","2.5%","2.2%","100.0%","58.2%","8.4%","49.8%","3.6","990","0.1",""
"2005-12-15","2005-12-19","1,016","1,016","63.8%","13.5%","45.5%","24.4%","10.6%","3.9%","2.1%","100.0%","59.0%","14.5%","44.5%","3.6","994","0.1",""
"2005-10-17","2005-10-21","1,009","1,009","65.6%","15.5%","46.3%","25.8%","6.7%","2.6%","3.0%","100.0%","61.8%","9.3%","52.5%","3.7","978","0.1",""
"2005-08-22","2005-08-25","1,004","1,004","63.5%","9.1%","47.9%","25.0%","11.0%","4.3%","2.7%","100.0%","57.0%","15.3%","41.7%","3.5","977","0.1",""
"2005-06-20","2005-06-23","1,026","1,026","61.9%","6.2%","50.2%","25.9%","10.0%","2.8%","4.9%","100.0%","56.4%","12.8%","43.6%","3.5","976","0.1",""
"2005-04-11","2005-04-14","1,009","1,009","62.8%","9.2%","35.1%","35.5%","10.7%","3.5%","6.0%","100.0%","44.3%","14.2%","30.1%","3.4","945","0.1",""
"2005-02-17","2005-02-20","1,026","1,026","67.1%","6.5%","34.1%","26.9%","20.6%","8.3%","3.7%","100.0%","40.6%","28.9%","11.7%","3.1","986","0.1",""
"2004-12-18","2004-12-23","1,020","1,020","68.4%","5.7%","33.5%","23.7%","22.9%","11.7%","2.5%","100.0%","39.2%","34.6%","4.6%","3.0","989","0.1",""
"2004-10-11","2004-10-14","1,010","1,010","63.6%","8.5%","29.5%","37.4%","12.4%","7.6%","4.6%","100.0%","38.0%","20.0%","18.0%","3.2","956","0.1",""
"2004-08-21","2004-08-28","1,033","1,033","65.4%","6.6%","32.4%","24.2%","21.6%","10.2%","5.0%","100.0%","39.0%","31.8%","7.2%","3.0","972","0.1",""
"2004-06-21","2004-06-24","1,023","1,023","63.9%","5.7%","29.5%","22.6%","23.5%","11.9%","6.8%","100.0%","35.2%","35.4%","-0.2%","2.9","948","0.1",""
"2004-04-13","2004-04-16","1,022","1,022","64.4%","7.6%","20.7%","36.8%","18.7%","11.2%","5.1%","100.0%","28.3%","29.9%","-1.6%","2.9","960","0.1",""
"2004-02-20","2004-02-23","1,045","1,045","65.3%","2.9%","31.1%","31.5%","19.3%","10.5%","4.7%","100.0%","34.0%","29.8%","4.2%","3.0","993","0.1",""
"2003-12-20","2003-12-23","1,022","1,022","66.0%","5.2%","26.6%","26.3%","26.2%","11.5%","4.1%","100.0%","31.8%","37.7%","-5.9%","2.9","978","0.1",""
"2003-10-08","2003-10-11","1,004","1,004","60.8%","5.6%","19.4%","38.5%","21.1%","9.6%","5.8%","100.0%","25.0%","30.7%","-5.7%","2.9","944","0.1",""
"2003-08-18","2003-08-20","1,032","1,032","70.3%","3.2%","29.8%","24.6%","26.2%","10.1%","6.0%","100.0%","33.0%","36.3%","-3.3%","2.9","969","0.1",""
"2003-06-13","2003-06-18","1,043","1,043","68.0%","3.9%","28.1%","21.2%","27.8%","13.4%","5.5%","100.0%","32.0%","41.2%","-9.2%","2.8","977","0.1",""
"2003-04-16","2003-04-23","1,021","1,021","68.9%","2.0%","24.9%","20.6%","30.3%","15.3%","6.9%","100.0%","26.9%","45.6%","-18.7%","2.7","946","0.1",""
"2003-02-14","2003-02-18","1,045","1,045","68.3%","2.4%","28.5%","22.0%","29.6%","11.9%","5.6%","100.0%","30.9%","41.5%","-10.6%","2.8","985","0.1",""
"2002-12-13","2002-12-18","1,026","1,026","67.6%","2.9%","33.4%","22.0%","24.5%","9.8%","7.2%","100.0%","36.3%","34.3%","2.0%","2.9","948","0.1",""
"2002-10-13","2002-10-16","1,028","1,028","63.0%","2.4%","33.2%","24.8%","27.3%","6.9%","5.3%","100.0%","35.6%","34.2%","1.4%","3.0","970","0.1",""
"2002-08-14","2002-08-19","1,018","1,018","68.0%","1.8%","29.6%","25.4%","30.3%","6.9%","6.1%","100.0%","31.4%","37.2%","-5.8%","2.9","953","0.1",""
"2002-06-17","2002-06-19","1,010","1,010","65.4%","2.4%","41.7%","25.1%","21.4%","4.6%","4.7%","100.0%","44.1%","26.0%","18.1%","3.2","962","0.1",""
"2002-04-15","2002-04-17","1,101","1,101","59.0%","5.3%","42.7%","26.3%","16.9%","3.8%","5.1%","100.0%","48.0%","20.7%","27.3%","3.3","1,040","0.1",""
"2002-02-18","2002-02-21","1,071","1,071","65.4%","3.4%","46.7%","23.6%","17.2%","2.5%","6.7%","100.0%","50.1%","19.7%","30.4%","3.3","995","0.1",""
"2001-12-17","2001-12-19","1,074","1,074","63.5%","4.7%","39.4%","22.2%","20.1%","6.0%","7.6%","100.0%","44.1%","26.1%","18.0%","3.2","990","0.1",""
"2001-10-26","2001-10-29","1,050","1,050","66.4%","3.5%","36.2%","28.1%","23.0%","4.4%","4.8%","100.0%","39.7%","27.4%","12.3%","3.1","999","0.1",""
"2001-08-17","2001-08-24","1,045","1,045","64.1%","2.7%","34.3%","29.3%","22.8%","7.0%","3.9%","100.0%","37.0%","29.8%","7.2%","3.0","999","0.1",""
"2001-06-08","2001-06-13","1,074","1,074","72.5%","4.4%","36.9%","29.5%","20.9%","4.7%","3.7%","100.0%","41.3%","25.6%","15.7%","3.2","1,033","0.1",""
"2001-04-27","2001-05-11","1,003","1,003","77.8%","4.7%","41.4%","27.2%","16.8%","6.9%","3.0%","100.0%","46.1%","23.7%","22.4%","3.2","934","0.1",""
"2001-02-19","2001-02-21","1,049","1,049","44.4%","5.5%","39.8%","25.4%","20.5%","5.6%","3.2%","100.0%","45.3%","26.1%","19.2%","3.2","1,013","0.1",""
"2000-12-18","2000-12-27","1,016","1,016","48.4%","4.7%","36.3%","26.9%","21.3%","5.7%","5.1%","100.0%","41.0%","27.0%","14.0%","3.1","960","0.1",""
"2000-10-09","2000-10-17","1,032","1,032","61.0%","4.3%","32.2%","25.0%","23.1%","7.5%","8.0%","100.0%","36.5%","30.6%","5.9%","3.0","946","0.1",""
"2000-08-25","2000-08-30","1,097","1,097","59.1%","6.8%","33.5%","26.3%","22.6%","4.7%","6.1%","100.0%","40.3%","27.3%","13.0%","3.2","1,026","0.1",""
"2000-06-07","2000-06-08","1,074","1,074","49.0%","5.9%","25.6%","33.2%","19.4%","6.7%","9.2%","100.0%","31.5%","26.1%","5.4%","3.1","971","0.1",""
"2000-04-06","2000-04-07","570","570","66.2%","5.0%","36.9%","34.7%","12.5%","3.7%","7.1%","100.0%","41.9%","16.2%","25.7%","3.3","529","0.1",""
"2000-02-22","2000-02-23","508","508","58.3%","4.4%","46.7%","24.4%","15.2%","3.2%","6.0%","100.0%","51.1%","18.4%","32.7%","3.4","478","0.1",""
"1999-12-13","1999-12-15","529","529","52.2%","5.6%","30.3%","39.2%","13.4%","2.5%","8.9%","100.0%","35.9%","15.9%","20.0%","3.3","476","0.1",""
"1999-10-22","1999-10-22","557","557","49.0%","4.7%","37.5%","25.3%","21.4%","4.4%","6.6%","100.0%","42.2%","25.8%","16.4%","3.2","518","0.1",""
"1999-08-03","1999-08-03","541","541","49.5%","3.5%","35.7%","28.4%","23.8%","2.8%","5.9%","100.0%","39.2%","26.6%","12.6%","3.1","508","0.1",""
"1999-06-08","1999-06-08","538","538","51.7%","2.5%","29.7%","43.2%","14.5%","3.0%","7.2%","100.0%","32.2%","17.5%","14.7%","3.2","499","0.1",""
"1999-04-15","1999-04-15","527","527","43.9%","3.7%","36.3%","35.6%","10.2%","3.6%","10.6%","100.0%","40.0%","13.8%","26.2%","3.3","471","0.1",""
"1999-03-25","1999-03-25","532","532","56.3%","2.8%","48.6%","23.4%","18.0%","3.6%","3.6%","100.0%","51.4%","21.6%","29.8%","3.3","510","0.1",""
"1999-02-08","1999-02-09","513","513","52.2%","5.4%","25.6%","42.0%","16.2%","3.0%","7.8%","100.0%","31.0%","19.2%","11.8%","3.2","470","0.1",""
"1998-12-08","1998-12-09","530","530","47.3%","4.2%","34.6%","37.4%","15.1%","1.9%","6.7%","100.0%","38.8%","17.0%","21.8%","3.3","490","0.1",""
"1998-10-12","1998-10-13","529","529","43.9%","3.8%","28.8%","38.4%","16.5%","5.1%","7.4%","100.0%","32.6%","21.6%","11.0%","3.1","489","0.1",""
"1998-08-11","1998-08-11","565","565","47.1%","6.8%","36.4%","29.0%","20.0%","4.4%","3.4%","100.0%","43.2%","24.4%","18.8%","3.2","545","0.1",""
"1998-06-07","1998-06-07","543","543","47.2%","3.5%","29.6%","34.2%","18.6%","3.0%","11.1%","100.0%","33.1%","21.6%","11.5%","3.1","481","0.1",""
"1998-04-14","1998-04-15","522","522","42.0%","6.7%","33.2%","41.7%","9.4%","1.5%","7.5%","100.0%","39.9%","10.9%","29.0%","3.4","482","0.1",""
"1998-02-10","1998-02-10","535","535","48.7%","3.5%","34.9%","36.9%","14.8%","2.2%","7.7%","100.0%","38.4%","17.0%","21.4%","3.2","492","0.1",""
"1997-12-08","1997-12-09","500","500","50.1%","8.6%","34.4%","39.1%","8.1%","2.0%","7.8%","100.0%","43.0%","10.1%","32.9%","3.4","459","0.1",""
"1997-10-14","1997-10-15","517","517","46.6%","7.8%","53.2%","21.4%","9.5%","0.8%","7.3%","100.0%","61.0%","10.3%","50.7%","3.6","479","0.1",""
"1997-09-09","1997-09-10","518","518","43.0%","8.0%","49.6%","26.4%","6.2%","0.4%","9.5%","100.0%","57.6%","6.6%","51.0%","3.6","467","0.1",""
"1997-08-12","1997-08-12","526","526","44.8%","4.0%","44.3%","30.2%","7.8%","1.2%","12.5%","100.0%","48.3%","9.0%","39.3%","3.5","460","0.1",""
"1997-07-15","1997-07-15","541","541","45.8%","5.8%","44.9%","22.5%","9.8%","1.8%","15.1%","100.0%","50.7%","11.6%","39.1%","3.5","458","0.1",""
"1997-06-05","1997-06-06","544","544","40.4%","6.8%","56.1%","18.9%","12.3%","0.6%","5.3%","100.0%","62.9%","12.9%","50.0%","3.4","515","0.1",""
"1997-05-02","1997-05-05","536","536","44.1%","11.3%","52.0%","16.5%","11.6%","2.2%","6.4%","100.0%","63.3%","13.8%","49.5%","3.4","502","0.1",""
"1997-04-10","1997-04-15","525","525","42.3%","7.4%","51.9%","23.5%","10.3%","1.9%","5.0%","100.0%","59.3%","12.2%","47.1%","3.6","499","0.1",""
"1997-03-03","1997-03-04","536","536","43.7%","9.0%","58.5%","17.1%","10.3%","2.6%","2.4%","100.0%","67.5%","12.9%","54.6%","3.5","523","0.1",""
"1997-02-03","1997-02-04","536","536","45.6%","4.9%","51.8%","22.7%","14.8%","0.7%","5.1%","100.0%","56.7%","15.5%","41.2%","3.3","509","0.1",""
"1997-01-07","1997-01-08","599","599","44.7%","12.2%","57.5%","14.3%","11.7%","1.8%","2.5%","100.0%","69.7%","13.5%","56.2%","3.6","584","0.1",""
"1996-12-03","1996-12-04","555","555","45.5%","6.9%","54.0%","22.4%","10.1%","2.2%","4.5%","100.0%","60.9%","12.3%","48.6%","3.4","531","0.1",""
"1996-11-05","1996-11-06","522","522","46.0%","5.3%","62.0%","16.6%","10.4%","1.7%","4.1%","100.0%","67.3%","12.1%","55.2%","3.5","501","0.1",""
"1996-10-08","1996-10-08","521","521","43.9%","5.0%","55.4%","24.8%","9.6%","1.9%","3.3%","100.0%","60.4%","11.5%","48.9%","3.4","504","0.1",""
"1996-09-12","1996-09-16","547","547","55.0%","7.9%","53.0%","20.9%","12.1%","1.8%","4.4%","100.0%","60.9%","13.9%","47.0%","3.4","523","0.1",""
"1996-08-06","1996-08-06","502","502","43.0%","8.1%","51.8%","24.8%","9.6%","1.4%","4.4%","100.0%","59.9%","11.0%","48.9%","3.4","480","0.1",""
"1996-07-10","1996-07-10","530","530","53.0%","4.7%","49.7%","23.9%","13.9%","1.3%","6.4%","100.0%","54.4%","15.2%","39.2%","3.2","496","0.1",""
"1996-06-05","1996-06-06","563","563","48.5%","10.4%","47.9%","25.9%","8.2%","2.5%","5.1%","100.0%","58.3%","10.7%","47.6%","3.4","534","0.1",""
"1996-05-05","1996-05-06","579","579","51.9%","13.5%","46.6%","17.8%","13.3%","1.9%","6.9%","100.0%","60.1%","15.2%","44.9%","3.4","539","0.1",""
"1996-04-01","1996-04-03","526","526","57.1%","5.8%","42.9%","28.9%","13.5%","3.3%","5.6%","100.0%","48.7%","16.8%","31.9%","3.2","497","0.1",""
"1996-03-13","1996-03-15","613","613","54.8%","7.2%","50.8%","22.0%","13.3%","2.5%","4.2%","100.0%","58.0%","15.8%","42.2%","3.3","587","0.1",""
"1996-02-08","1996-02-09","556","556","61.4%","4.9%","43.6%","26.8%","17.1%","2.3%","5.4%","100.0%","48.5%","19.4%","29.1%","3.2","527","0.1",""
"1996-01-04","1996-01-05","543","543","51.0%","7.6%","45.9%","23.1%","16.4%","1.5%","5.6%","100.0%","53.5%","17.9%","35.6%","3.3","513","0.1",""
"1995-12-04","1995-12-07","520","520","51.4%","6.6%","42.8%","27.8%","15.3%","3.2%","4.2%","100.0%","49.4%","18.5%","30.9%","3.2","498","0.1",""
"1995-11-06","1995-11-07","550","550","53.6%","7.9%","45.0%","14.2%","21.7%","3.3%","7.9%","100.0%","52.9%","25.0%","27.9%","3.1","507","0.1",""
"1995-10-24","1995-10-25","593","593","63.3%","11.0%","38.6%","20.2%","17.1%","5.7%","7.3%","100.0%","49.6%","22.8%","26.8%","3.1","549","0.1",""
"1995-09-30","1995-10-02","516","516","56.6%","6.9%","47.6%","18.0%","18.6%","3.1%","5.7%","100.0%","54.5%","21.7%","32.8%","3.2","486","0.1",""
"1995-08-28","1995-08-28","657","657","62.5%","5.2%","39.7%","20.5%","17.4%","3.5%","13.7%","100.0%","44.9%","20.9%","24.0%","2.8","567","0.1",""
"1995-07-14","1995-07-17","559","559","50.3%","3.0%","36.0%","31.3%","19.9%","3.6%","6.3%","100.0%","39.0%","23.5%","15.5%","3.0","524","0.1",""
"1995-06-27","1995-06-28","557","557","54.7%","3.5%","35.7%","24.3%","26.3%","4.1%","6.2%","100.0%","39.2%","30.4%","8.8%","2.9","523","0.1",""
"1995-05-11","1995-05-11","649","649","56.0%","6.2%","43.3%","24.3%","16.1%","3.1%","7.1%","100.0%","49.5%","19.2%","30.3%","3.1","604","0.1",""
"1995-04-05","1995-04-10","550","550","52.6%","9.8%","38.5%","24.0%","18.9%","3.5%","5.3%","100.0%","48.3%","22.4%","25.9%","3.2","521","0.1",""
"1995-03-10","1995-03-15","587","587","57.5%","12.0%","42.6%","18.2%","19.4%","2.2%","5.7%","100.0%","54.6%","21.6%","33.0%","3.3","554","0.1",""
"1995-02-11","1995-02-11","608","608","61.8%","13.0%","37.9%","22.7%","17.2%","3.5%","5.8%","100.0%","50.9%","20.7%","30.2%","3.2","573","0.1",""
"1995-01-09","1995-01-12","554","554","63.5%","4.9%","42.9%","20.8%","21.3%","4.1%","6.0%","100.0%","47.8%","25.4%","22.4%","3.1","521","0.1",""
"1994-12-07","1994-12-09","504","504","59.2%","5.4%","45.0%","19.4%","18.1%","5.9%","6.1%","100.0%","50.4%","24.0%","26.4%","3.1","473","0.1",""
"1994-11-15","1994-11-24","521","521","57.3%","7.4%","41.4%","20.3%","21.8%","3.8%","5.2%","100.0%","48.8%","25.6%","23.2%","3.1","493","0.1",""
"1994-10-03","1994-10-04","516","516","52.8%","3.2%","37.0%","28.2%","22.3%","2.5%","6.8%","100.0%","40.2%","24.8%","15.4%","3.0","481","0.1",""
"1994-09-14","1994-09-15","534","534","59.6%","6.4%","42.0%","20.8%","20.9%","3.2%","6.7%","100.0%","48.4%","24.1%","24.3%","3.1","498","0.1",""
"1994-08-01","1994-08-03","569","569","50.2%","4.1%","41.0%","26.5%","20.6%","3.6%","4.2%","100.0%","45.1%","24.2%","20.9%","3.1","545","0.1",""
"1994-07-11","1994-07-12","521","521","77.8%","7.3%","39.4%","21.5%","18.8%","2.7%","10.3%","100.0%","46.7%","21.5%","25.2%","3.0","467","0.1",""
"1994-06-22","1994-06-23","602","602","50.4%","5.8%","44.0%","20.9%","17.8%","3.8%","7.6%","100.0%","49.8%","21.6%","28.2%","3.1","556","0.1",""
"1994-05-17","1994-05-20","504","504","63.9%","8.0%","36.5%","28.0%","20.3%","1.4%","5.8%","100.0%","44.5%","21.7%","22.8%","3.1","475","0.1",""
"1994-04-25","1994-04-27","517","517","60.6%","7.1%","41.2%","21.1%","21.8%","4.4%","4.3%","100.0%","48.3%","26.2%","22.1%","3.1","494","0.1",""
"1994-03-14","1994-03-15","500","500","63.3%","9.0%","35.9%","25.7%","15.4%","3.3%","10.7%","100.0%","44.9%","18.7%","26.2%","3.0","447","0.1",""
"1994-02-24","1994-02-28","524","524","62.9%","8.0%","38.9%","22.1%","17.6%","4.2%","9.2%","100.0%","46.9%","21.8%","25.1%","3.0","476","0.1",""
"1994-01-19","1994-01-21","513","513","56.5%","8.4%","43.2%","24.6%","14.4%","4.8%","4.5%","100.0%","51.6%","19.2%","32.4%","3.2","489","0.1",""
"1993-11-30","1993-12-14","1,061","1,061","51.1%","15.0%","43.8%","13.8%","16.6%","6.0%","4.8%","100.0%","58.8%","22.6%","36.2%","3.3","1,010","0.1",""
"1993-11-03","1993-11-08","494","494","51.0%","7.2%","51.7%","11.5%","20.4%","2.4%","6.8%","100.0%","58.9%","22.8%","36.1%","3.2","460","0.1",""
"1993-10-04","1993-10-08","518","518","50.3%","8.6%","47.5%","15.9%","19.2%","2.3%","6.5%","100.0%","56.1%","21.5%","34.6%","3.2","484","0.1",""
"1993-09-01","1993-09-01","507","507","56.0%","7.5%","38.8%","24.6%","18.2%","2.4%","8.5%","100.0%","46.3%","20.6%","25.7%","3.1","464","0.1",""
"1993-08-05","1993-08-06","516","516","50.7%","5.9%","46.1%","17.1%","22.0%","4.0%","4.9%","100.0%","52.0%","26.0%","26.0%","3.1","491","0.1",""
"1993-07-06","1993-07-07","511","511","56.6%","6.3%","50.2%","17.8%","14.5%","2.9%","8.2%","100.0%","56.5%","17.4%","39.1%","3.2","469","0.1",""
"1993-06-02","1993-06-02","593","593","60.8%","13.0%","43.8%","18.5%","13.5%","4.0%","7.3%","100.0%","56.8%","17.5%","39.3%","3.3","550","0.1",""
"1993-05-03","1993-05-04","657","657","55.4%","5.2%","48.7%","18.8%","17.5%","2.8%","7.0%","100.0%","53.9%","20.3%","33.6%","3.2","611","0.1",""
"1993-04-06","1993-04-13","721","721","62.5%","10.2%","39.6%","13.8%","17.7%","5.9%","12.8%","100.0%","49.8%","23.6%","26.2%","2.9","629","0.1",""
"1993-03-03","1993-03-04","577","577","64.5%","7.2%","52.4%","19.6%","12.5%","2.1%","6.3%","100.0%","59.6%","14.6%","45.0%","3.3","541","0.1",""
"1993-02-03","1993-02-04","718","718","66.5%","6.4%","44.3%","15.7%","20.3%","4.7%","8.6%","100.0%","50.7%","25.0%","25.7%","3.0","656","0.1",""
"1993-01-19","1993-01-20","699","699","61.0%","8.0%","44.7%","18.3%","19.7%","3.7%","5.5%","100.0%","52.7%","23.4%","29.3%","3.2","660","0.1",""
"1992-12-08","1992-12-10","640","640","65.2%","9.7%","47.2%","14.7%","20.2%","3.6%","4.6%","100.0%","56.9%","23.8%","33.1%","3.3","611","0.1",""